CountryName,CountryCode,RegionName,RegionCode,Jurisdiction,Date,C1E_School closing,C1E_Flag,C1NV_School closing,C1NV_Flag,C1V_School closing,C1V_Flag,C1M_School closing,C1M_Flag,C1_Notes,C2E_Workplace closing,C2E_Flag,C2NV_Workplace closing,C2NV_Flag,C2V_Workplace closing,C2V_Flag,C2M_Workplace closing,C2M_Flag,C2_Notes,C3E_Cancel public events,C3E_Flag,C3NV_Cancel public events,C3NV_Flag,C3V_Cancel public events,C3V_Flag,C3M_Cancel public events,C3M_Flag,C3_Notes,C4E_Restrictions on gatherings,C4E_Flag,C4NV_Restrictions on gatherings,C4NV_Flag,C4V_Restrictions on gatherings,C4V_Flag,C4M_Restrictions on gatherings,C4M_Flag,C4_Notes,C5E_Close public transport,C5E_Flag,C5NV_Close public transport,C5NV_Flag,C5V_Close public transport,C5V_Flag,C5M_Close public transport,C5M_Flag,C5_Notes,C6E_Stay at home requirements,C6E_Flag,C6NV_Stay at home requirements,C6NV_Flag,C6V_Stay at home requirements,C6V_Flag,C6M_Stay at home requirements,C6M_Flag,C6_Notes,C7E_Restrictions on internal movement,C7E_Flag,C7NV_Restrictions on internal movement,C7NV_Flag,C7V_Restrictions on internal movement,C7V_Flag,C7M_Restrictions on internal movement,C7M_Flag,C7_Notes,C8E_International travel controls,C8NV_International travel controls,C8V_International travel controls,C8EV_International travel controls,C8_Notes,E1E_Income support,E1E_Flag,E1_Notes,E2E_Debt/contract relief,E2_Notes,E3E_Fiscal measures,E3_Notes,E4E_International support,E4_Notes,H1E_Public information campaigns,H1E_Flag,H1_Notes,H2E_Testing policy,H2_Notes,H3E_Contact tracing,H3_Notes,H4E_Emergency investment in healthcare,H4_Notes,H5E_Investment in vaccines,H5_Notes,H6E_Facial Coverings,H6E_Flag,H6NV_Facial Coverings,H6NV_Flag,H6V_Facial Coverings,H6V_Flag,H6M_Facial Coverings,H6M_Flag,H6_Notes,H7E_Vaccination policy,H7E_Flag,H7_Notes,H8E_Protection of elderly people,H8E_Flag,H8NV_Protection of elderly people,H8NV_Flag,H8V_Protection of elderly people,H8V_Flag,H8M_Protection of elderly people,H8M_Flag,H8_Notes,M1E_Wildcard,M1_Notes,V1_Vaccine Prioritisation (summary),V1_Notes,V2A_Vaccine Availability (summary),V2_Notes,V2B_Vaccine age eligibility/availability age floor (general population summary),V2C_Vaccine age eligibility/availability age floor (at risk summary),V2D_Medically/ clinically vulnerable (Non-elderly),V2E_Education,V2F_Frontline workers  (non healthcare),V2G_Frontline workers  (healthcare),V3_Vaccine Financial Support (summary),V3_Notes,V4_Mandatory Vaccination (summary),V4_Notes,ConfirmedCases,ConfirmedDeaths,PopulationVaccinated,StringencyIndex_NonVaccinated,StringencyIndex_NonVaccinated_ForDisplay,StringencyIndex_Vaccinated,StringencyIndex_Vaccinated_ForDisplay,StringencyIndex_SimpleAverage,StringencyIndex_SimpleAverage_ForDisplay,StringencyIndex_WeightedAverage,StringencyIndex_WeightedAverage_ForDisplay,GovernmentResponseIndex_NonVaccinated,GovernmentResponseIndex_NonVaccinated_ForDisplay,GovernmentResponseIndex_Vaccinated,GovernmentResponseIndex_Vaccinated_ForDisplay,GovernmentResponseIndex_SimpleAverage,GovernmentResponseIndex_SimpleAverage_ForDisplay,GovernmentResponseIndex_WeightedAverage,GovernmentResponseIndex_WeightedAverage_ForDisplay,ContainmentHealthIndex_NonVaccinated,ContainmentHealthIndex_NonVaccinated_ForDisplay,ContainmentHealthIndex_Vaccinated,ContainmentHealthIndex_Vaccinated_ForDisplay,ContainmentHealthIndex_SimpleAverage,ContainmentHealthIndex_SimpleAverage_ForDisplay,ContainmentHealthIndex_WeightedAverage,ContainmentHealthIndex_WeightedAverage_ForDisplay,EconomicSupportIndex,EconomicSupportIndex_ForDisplay
China,CHN,Anhui,CHN_AH,STATE_TOTAL,20230101,,,,,,,,,,,,,,,,,,,,,,,,,,,,,,,,,,,,,,,,,,,,,,,,,,,,,,,,,,,,,,,,,,,,,,,,,,,,,,,,,,,,,,,,,,,,,,,,,,,,,,,,,,,,,,,,,,,,,,,,,,,,,,1743,7,Over 50%,,,,,,,,,,,,,,,,,,,,,,,,,,
China,CHN,Anhui,CHN_AH,STATE_TOTAL,20230102,,,,,,,,,,,,,,,,,,,,,,,,,,,,,,,,,,,,,,,,,,,,,,,,,,,,,,,,,,,,,,,,,,,,,,,,,,,,,,,,,,,,,,,,,,,,,,,,,,,,,,,,,,,,,,,,,,,,,,,,,,,,,,1745,7,Over 50%,,,,,,,,,,,,,,,,,,,,,,,,,,
China,CHN,Anhui,CHN_AH,STATE_TOTAL,20230103,,,,,,,,,,,,,,,,,,,,,,,,,,,,,,,,,,,,,,,,,,,,,,,,,,,,,,,,,,,,,,,,,,,,,,,,,,,,,,,,,,,,,,,,,,,,,,,,,,,,,,,,,,,,,,,,,,,,,,,,,,,,,,1751,7,Over 50%,,,,,,,,,,,,,,,,,,,,,,,,,,
China,CHN,Anhui,CHN_AH,STATE_TOTAL,20230104,,,,,,,,,,,,,,,,,,,,,,,,,,,,,,,,,,,,,,,,,,,,,,,,,,,,,,,,,,,,,,,,,,,,,,,,,,,,,,,,,,,,,,,,,,,,,,,,,,,,,,,,,,,,,,,,,,,,,,,,,,,,,,1759,7,Over 50%,,,,,,,,,,,,,,,,,,,,,,,,,,
China,CHN,Anhui,CHN_AH,STATE_TOTAL,20230105,,,,,,,,,,,,,,,,,,,,,,,,,,,,,,,,,,,,,,,,,,,,,,,,,,,,,,,,,,,,,,,,,,,,,,,,,,,,,,,,,,,,,,,,,,,,,,,,,,,,,,,,,,,,,,,,,,,,,,,,,,,,,,1762,7,Over 50%,,,,,,,,,,,,,,,,,,,,,,,,,,
China,CHN,Anhui,CHN_AH,STATE_TOTAL,20230106,,,,,,,,,,,,,,,,,,,,,,,,,,,,,,,,,,,,,,,,,,,,,,,,,,,,,,,,,,,,,,,,,,,,,,,,,,,,,,,,,,,,,,,,,,,,,,,,,,,,,,,,,,,,,,,,,,,,,,,,,,,,,,1763,7,Over 50%,,,,,,,,,,,,,,,,,,,,,,,,,,
China,CHN,Anhui,CHN_AH,STATE_TOTAL,20230107,,,,,,,,,,,,,,,,,,,,,,,,,,,,,,,,,,,,,,,,,,,,,,,,,,,,,,,,,,,,,,,,,,,,,,,,,,,,,,,,,,,,,,,,,,,,,,,,,,,,,,,,,,,,,,,,,,,,,,,,,,,,,,1763,7,Over 50%,,,,,,,,,,,,,,,,,,,,,,,,,,
China,CHN,Anhui,CHN_AH,STATE_TOTAL,20230108,,,,,,,,,,,,,,,,,,,,,,,,,,,,,,,,,,,,,,,,,,,,,,,,,,,,,,,,,,,,,,,,,,,,,,,,,,,,,,,,,,,,,,,,,,,,,,,,,,,,,,,,,,,,,,,,,,,,,,,,,,,,,,1768,7,Over 50%,,,,,,,,,,,,,,,,,,,,,,,,,,
China,CHN,Anhui,CHN_AH,STATE_TOTAL,20230109,,,,,,,,,,,,,,,,,,,,,,,,,,,,,,,,,,,,,,,,,,,,,,,,,,,,,,,,,,,,,,,,,,,,,,,,,,,,,,,,,,,,,,,,,,,,,,,,,,,,,,,,,,,,,,,,,,,,,,,,,,,,,,2275,7,Over 50%,,,,,,,,,,,,,,,,,,,,,,,,,,
China,CHN,Anhui,CHN_AH,STATE_TOTAL,20230110,,,,,,,,,,,,,,,,,,,,,,,,,,,,,,,,,,,,,,,,,,,,,,,,,,,,,,,,,,,,,,,,,,,,,,,,,,,,,,,,,,,,,,,,,,,,,,,,,,,,,,,,,,,,,,,,,,,,,,,,,,,,,,,,,,,,,,,,,,,,,,,,,,,,,,,,,,
China,CHN,Anhui,CHN_AH,STATE_TOTAL,20230111,,,,,,,,,,,,,,,,,,,,,,,,,,,,,,,,,,,,,,,,,,,,,,,,,,,,,,,,,,,,,,,,,,,,,,,,,,,,,,,,,,,,,,,,,,,,,,,,,,,,,,,,,,,,,,,,,,,,,,,,,,,,,,,,,,,,,,,,,,,,,,,,,,,,,,,,,,
China,CHN,Beijing,CHN_BJ,STATE_TOTAL,20230101,,,,,,,,,,,,,,,,,,,,,,,,,,,,,,,,,,,,,,,,,,,,,,,,,,,,,,,,,,,,,,,,,,,,,,,,,,,,,,,,,,,,,,,,,,,,,,,,,,,,,,,,,,,,,,,,,,,,,,,,,,,,,,36026,20,Over 50%,,,,,,,,,,,,,,,,,,,,,,,,,,
China,CHN,Beijing,CHN_BJ,STATE_TOTAL,20230102,,,,,,,,,,,,,,,,,,,,,,,,,,,,,,,,,,,,,,,,,,,,,,,,,,,,,,,,,,,,,,,,,,,,,,,,,,,,,,,,,,,,,,,,,,,,,,,,,,,,,,,,,,,,,,,,,,,,,,,,,,,,,,36466,20,Over 50%,,,,,,,,,,,,,,,,,,,,,,,,,,
China,CHN,Beijing,CHN_BJ,STATE_TOTAL,20230103,,,,,,,,,,,,,,,,,,,,,,,,,,,,,,,,,,,,,,,,,,,,,,,,,,,,,,,,,,,,,,,,,,,,,,,,,,,,,,,,,,,,,,,,,,,,,,,,,,,,,,,,,,,,,,,,,,,,,,,,,,,,,,36877,20,Over 50%,,,,,,,,,,,,,,,,,,,,,,,,,,
China,CHN,Beijing,CHN_BJ,STATE_TOTAL,20230104,,,,,,,,,,,,,,,,,,,,,,,,,,,,,,,,,,,,,,,,,,,,,,,,,,,,,,,,,,,,,,,,,,,,,,,,,,,,,,,,,,,,,,,,,,,,,,,,,,,,,,,,,,,,,,,,,,,,,,,,,,,,,,37697,20,Over 50%,,,,,,,,,,,,,,,,,,,,,,,,,,
China,CHN,Beijing,CHN_BJ,STATE_TOTAL,20230105,,,,,,,,,,,,,,,,,,,,,,,,,,,,,,,,,,,,,,,,,,,,,,,,,,,,,,,,,,,,,,,,,,,,,,,,,,,,,,,,,,,,,,,,,,,,,,,,,,,,,,,,,,,,,,,,,,,,,,,,,,,,,,38495,20,Over 50%,,,,,,,,,,,,,,,,,,,,,,,,,,
China,CHN,Beijing,CHN_BJ,STATE_TOTAL,20230106,,,,,,,,,,,,,,,,,,,,,,,,,,,,,,,,,,,,,,,,,,,,,,,,,,,,,,,,,,,,,,,,,,,,,,,,,,,,,,,,,,,,,,,,,,,,,,,,,,,,,,,,,,,,,,,,,,,,,,,,,,,,,,39335,20,Over 50%,,,,,,,,,,,,,,,,,,,,,,,,,,
China,CHN,Beijing,CHN_BJ,STATE_TOTAL,20230107,,,,,,,,,,,,,,,,,,,,,,,,,,,,,,,,,,,,,,,,,,,,,,,,,,,,,,,,,,,,,,,,,,,,,,,,,,,,,,,,,,,,,,,,,,,,,,,,,,,,,,,,,,,,,,,,,,,,,,,,,,,,,,40243,20,Over 50%,,,,,,,,,,,,,,,,,,,,,,,,,,
China,CHN,Beijing,CHN_BJ,STATE_TOTAL,20230108,,,,,,,,,,,,,,,,,,,,,,,,,,,,,,,,,,,,,,,,,,,,,,,,,,,,,,,,,,,,,,,,,,,,,,,,,,,,,,,,,,,,,,,,,,,,,,,,,,,,,,,,,,,,,,,,,,,,,,,,,,,,,,40546,20,Over 50%,,,,,,,,,,,,,,,,,,,,,,,,,,
China,CHN,Beijing,CHN_BJ,STATE_TOTAL,20230109,,,,,,,,,,,,,,,,,,,,,,,,,,,,,,,,,,,,,,,,,,,,,,,,,,,,,,,,,,,,,,,,,,,,,,,,,,,,,,,,,,,,,,,,,,,,,,,,,,,,,,,,,,,,,,,,,,,,,,,,,,,,,,40774,20,Over 50%,,,,,,,,,,,,,,,,,,,,,,,,,,
China,CHN,Beijing,CHN_BJ,STATE_TOTAL,20230110,,,,,,,,,,,,,,,,,,,,,,,,,,,,,,,,,,,,,,,,,,,,,,,,,,,,,,,,,,,,,,,,,,,,,,,,,,,,,,,,,,,,,,,,,,,,,,,,,,,,,,,,,,,,,,,,,,,,,,,,,,,,,,,,,,,,,,,,,,,,,,,,,,,,,,,,,,
China,CHN,Beijing,CHN_BJ,STATE_TOTAL,20230111,,,,,,,,,,,,,,,,,,,,,,,,,,,,,,,,,,,,,,,,,,,,,,,,,,,,,,,,,,,,,,,,,,,,,,,,,,,,,,,,,,,,,,,,,,,,,,,,,,,,,,,,,,,,,,,,,,,,,,,,,,,,,,,,,,,,,,,,,,,,,,,,,,,,,,,,,,
China,CHN,Chongqing,CHN_CQ,STATE_TOTAL,20230101,1.00,1,,,,,1.00,1,,1.00,1,,,,,1.00,1,,,,,,,,,,,0.00,,,,,,0.00,,,0.00,,,,,,0.00,,,0.00,,,,,,0.00,,,0.00,,,,,,0.00,,,3.00,,,3.00,,,,,0.00,,,,,,2.00,1,,3.00,,0.00,,,,,,2.00,1,,,,,2.00,1,,5.00,1,,2.00,1,,,,,2.00,1,,,,,,,,,,,,,,,,,,12976,9,Over 50%,26.85,26.85,26.85,26.85,26.85,26.85,,,34.90,34.90,34.90,34.90,34.90,34.90,,,39.88,39.88,39.88,39.88,39.88,39.88,,,,
China,CHN,Chongqing,CHN_CQ,STATE_TOTAL,20230102,1.00,1,,,,,1.00,1,,1.00,1,,,,,1.00,1,,,,,,,,,,,0.00,,,,,,0.00,,,0.00,,,,,,0.00,,,0.00,,,,,,0.00,,,0.00,,,,,,0.00,,,3.00,,,3.00,,,,,0.00,,,,,,2.00,1,,3.00,,0.00,,,,,,2.00,1,,,,,2.00,1,,5.00,1,,2.00,1,,,,,2.00,1,,,,,,,,,,,,,,,,,,13242,9,Over 50%,26.85,26.85,26.85,26.85,26.85,26.85,,,34.90,34.90,34.90,34.90,34.90,34.90,,,39.88,39.88,39.88,39.88,39.88,39.88,,,,
China,CHN,Chongqing,CHN_CQ,STATE_TOTAL,20230103,1.00,1,,,,,1.00,1,,1.00,1,,,,,1.00,1,,,,,,,,,,,0.00,,,,,,0.00,,,0.00,,,,,,0.00,,,0.00,,,,,,0.00,,,0.00,,,,,,0.00,,,3.00,,,3.00,,,,,0.00,,,,,,2.00,1,,3.00,,0.00,,,,,,2.00,1,,,,,2.00,1,,5.00,1,,2.00,1,,,,,2.00,1,,,,,,,,,,,,,,,,,,13478,9,Over 50%,26.85,26.85,26.85,26.85,26.85,26.85,,,34.90,34.90,34.90,34.90,34.90,34.90,,,39.88,39.88,39.88,39.88,39.88,39.88,,,,
China,CHN,Chongqing,CHN_CQ,STATE_TOTAL,20230104,1.00,1,,,,,1.00,1,,1.00,1,,,,,1.00,1,,,,,,,,,,,0.00,,,,,,0.00,,,0.00,,,,,,0.00,,,0.00,,,,,,0.00,,,0.00,,,,,,0.00,,,3.00,,,3.00,,,,,0.00,,,,,,2.00,1,,3.00,,0.00,,,,,,2.00,1,,,,,2.00,1,,5.00,1,,2.00,1,,,,,2.00,1,,,,,,,,,,,,,,,,,,13740,9,Over 50%,26.85,26.85,26.85,26.85,26.85,26.85,,,34.90,34.90,34.90,34.90,34.90,34.90,,,39.88,39.88,39.88,39.88,39.88,39.88,,,,
China,CHN,Chongqing,CHN_CQ,STATE_TOTAL,20230105,,,,,,,,,,,,,,,,,,,,,,,,,,,,,,,,,,,,,,,,,,,,,,,,,,,,,,,,,,,,,,,,,,,,,,,,,,,,,,,,,,,,,,,,,,,,,,,,,,,,,,,,,,,,,,,,,,,,,,,,,,,,,,13954,9,Over 50%,,,,,,,,,,,,,,,,,,,,,,,,,,
China,CHN,Chongqing,CHN_CQ,STATE_TOTAL,20230106,,,,,,,,,,,,,,,,,,,,,,,,,,,,,,,,,,,,,,,,,,,,,,,,,,,,,,,,,,,,,,,,,,,,,,,,,,,,,,,,,,,,,,,,,,,,,,,,,,,,,,,,,,,,,,,,,,,,,,,,,,,,,,14189,10,Over 50%,,,,,,,,,,,,,,,,,,,,,,,,,,
China,CHN,Chongqing,CHN_CQ,STATE_TOTAL,20230107,,,,,,,,,,,,,,,,,,,,,,,,,,,,,,,,,,,,,,,,,,,,,,,,,,,,,,,,,,,,,,,,,,,,,,,,,,,,,,,,,,,,,,,,,,,,,,,,,,,,,,,,,,,,,,,,,,,,,,,,,,,,,,14463,11,Over 50%,,,,,,,,,,,,,,,,,,,,,,,,,,
China,CHN,Chongqing,CHN_CQ,STATE_TOTAL,20230108,,,,,,,,,,,,,,,,,,,,,,,,,,,,,,,,,,,,,,,,,,,,,,,,,,,,,,,,,,,,,,,,,,,,,,,,,,,,,,,,,,,,,,,,,,,,,,,,,,,,,,,,,,,,,,,,,,,,,,,,,,,,,,14596,11,Over 50%,,,,,,,,,,,,,,,,,,,,,,,,,,
China,CHN,Chongqing,CHN_CQ,STATE_TOTAL,20230109,,,,,,,,,,,,,,,,,,,,,,,,,,,,,,,,,,,,,,,,,,,,,,,,,,,,,,,,,,,,,,,,,,,,,,,,,,,,,,,,,,,,,,,,,,,,,,,,,,,,,,,,,,,,,,,,,,,,,,,,,,,,,,14715,11,Over 50%,,,,,,,,,,,,,,,,,,,,,,,,,,
China,CHN,Chongqing,CHN_CQ,STATE_TOTAL,20230110,,,,,,,,,,,,,,,,,,,,,,,,,,,,,,,,,,,,,,,,,,,,,,,,,,,,,,,,,,,,,,,,,,,,,,,,,,,,,,,,,,,,,,,,,,,,,,,,,,,,,,,,,,,,,,,,,,,,,,,,,,,,,,,,,,,,,,,,,,,,,,,,,,,,,,,,,,
China,CHN,Chongqing,CHN_CQ,STATE_TOTAL,20230111,,,,,,,,,,,,,,,,,,,,,,,,,,,,,,,,,,,,,,,,,,,,,,,,,,,,,,,,,,,,,,,,,,,,,,,,,,,,,,,,,,,,,,,,,,,,,,,,,,,,,,,,,,,,,,,,,,,,,,,,,,,,,,,,,,,,,,,,,,,,,,,,,,,,,,,,,,
China,CHN,Fujian,CHN_FJ,STATE_TOTAL,20230101,2.00,0,,,,,2.00,0,,2.00,0,,,,,2.00,0,,,,,,,,,,,1.00,1,,,,,1.00,1,,1.00,0,,,,,1.00,0,,1.00,1,,,,,1.00,1,,2.00,0,,,,,2.00,0,,3.00,,,3.00,,1.00,1,,1.00,,,,,,2.00,1,,3.00,,2.00,,,,0.00,,2.00,1,,,,,2.00,1,,5.00,1,,3.00,0,,,,,3.00,0,,,,,,,,,,,,,,,,,,11077,2,Over 50%,48.15,48.15,48.15,48.15,48.15,48.15,,,60.42,60.42,60.42,60.42,60.42,60.42,,,61.90,61.90,61.90,61.90,61.90,61.90,,,50.00,50.00
China,CHN,Fujian,CHN_FJ,STATE_TOTAL,20230102,2.00,0,,,,,2.00,0,,2.00,0,,,,,2.00,0,,,,,,,,,,,1.00,1,,,,,1.00,1,,1.00,0,,,,,1.00,0,,1.00,1,,,,,1.00,1,,2.00,0,,,,,2.00,0,,3.00,,,3.00,,1.00,1,,1.00,,,,,,2.00,1,,3.00,,2.00,,,,0.00,,2.00,1,,,,,2.00,1,,5.00,1,,3.00,0,,,,,3.00,0,,,,,,,,,,,,,,,,,,11589,2,Over 50%,48.15,48.15,48.15,48.15,48.15,48.15,,,60.42,60.42,60.42,60.42,60.42,60.42,,,61.90,61.90,61.90,61.90,61.90,61.90,,,50.00,50.00
China,CHN,Fujian,CHN_FJ,STATE_TOTAL,20230103,2.00,0,,,,,2.00,0,,2.00,0,,,,,2.00,0,,,,,,,,,,,1.00,1,,,,,1.00,1,,1.00,0,,,,,1.00,0,,1.00,1,,,,,1.00,1,,2.00,0,,,,,2.00,0,,3.00,,,3.00,,1.00,1,,1.00,,,,,,2.00,1,,3.00,,2.00,,,,0.00,,2.00,1,,,,,2.00,1,,5.00,1,,3.00,0,,,,,3.00,0,,,,,,,,,,,,,,,,,,12090,2,Over 50%,48.15,48.15,48.15,48.15,48.15,48.15,,,60.42,60.42,60.42,60.42,60.42,60.42,,,61.90,61.90,61.90,61.90,61.90,61.90,,,50.00,50.00
China,CHN,Fujian,CHN_FJ,STATE_TOTAL,20230104,2.00,0,,,,,2.00,0,,2.00,0,,,,,2.00,0,,,,,,,,,,,1.00,1,,,,,1.00,1,,1.00,0,,,,,1.00,0,,1.00,1,,,,,1.00,1,,2.00,0,,,,,2.00,0,,3.00,,,3.00,,1.00,1,,1.00,,,,,,2.00,1,,3.00,,2.00,,,,0.00,,2.00,1,,,,,2.00,1,,5.00,1,,3.00,0,,,,,3.00,0,,,,,,,,,,,,,,,,,,12822,2,Over 50%,48.15,48.15,48.15,48.15,48.15,48.15,,,60.42,60.42,60.42,60.42,60.42,60.42,,,61.90,61.90,61.90,61.90,61.90,61.90,,,50.00,50.00
China,CHN,Fujian,CHN_FJ,STATE_TOTAL,20230105,,,,,,,,,,,,,,,,,,,,,,,,,,,,,,,,,,,,,,,,,,,,,,,,,,,,,,,,,,,,,,,,,,,,,,,,,,,,,,,,,,,,,,,,,,,,,,,,,,,,,,,,,,,,,,,,,,,,,,,,,,,,,,13629,2,Over 50%,,,,,,,,,,,,,,,,,,,,,,,,,,
China,CHN,Fujian,CHN_FJ,STATE_TOTAL,20230106,,,,,,,,,,,,,,,,,,,,,,,,,,,,,,,,,,,,,,,,,,,,,,,,,,,,,,,,,,,,,,,,,,,,,,,,,,,,,,,,,,,,,,,,,,,,,,,,,,,,,,,,,,,,,,,,,,,,,,,,,,,,,,14553,2,Over 50%,,,,,,,,,,,,,,,,,,,,,,,,,,
China,CHN,Fujian,CHN_FJ,STATE_TOTAL,20230107,,,,,,,,,,,,,,,,,,,,,,,,,,,,,,,,,,,,,,,,,,,,,,,,,,,,,,,,,,,,,,,,,,,,,,,,,,,,,,,,,,,,,,,,,,,,,,,,,,,,,,,,,,,,,,,,,,,,,,,,,,,,,,15787,2,Over 50%,,,,,,,,,,,,,,,,,,,,,,,,,,
China,CHN,Fujian,CHN_FJ,STATE_TOTAL,20230108,,,,,,,,,,,,,,,,,,,,,,,,,,,,,,,,,,,,,,,,,,,,,,,,,,,,,,,,,,,,,,,,,,,,,,,,,,,,,,,,,,,,,,,,,,,,,,,,,,,,,,,,,,,,,,,,,,,,,,,,,,,,,,16386,2,Over 50%,,,,,,,,,,,,,,,,,,,,,,,,,,
China,CHN,Fujian,CHN_FJ,STATE_TOTAL,20230109,,,,,,,,,,,,,,,,,,,,,,,,,,,,,,,,,,,,,,,,,,,,,,,,,,,,,,,,,,,,,,,,,,,,,,,,,,,,,,,,,,,,,,,,,,,,,,,,,,,,,,,,,,,,,,,,,,,,,,,,,,,,,,17122,2,Over 50%,,,,,,,,,,,,,,,,,,,,,,,,,,
China,CHN,Fujian,CHN_FJ,STATE_TOTAL,20230110,,,,,,,,,,,,,,,,,,,,,,,,,,,,,,,,,,,,,,,,,,,,,,,,,,,,,,,,,,,,,,,,,,,,,,,,,,,,,,,,,,,,,,,,,,,,,,,,,,,,,,,,,,,,,,,,,,,,,,,,,,,,,,,,,,,,,,,,,,,,,,,,,,,,,,,,,,
China,CHN,Fujian,CHN_FJ,STATE_TOTAL,20230111,,,,,,,,,,,,,,,,,,,,,,,,,,,,,,,,,,,,,,,,,,,,,,,,,,,,,,,,,,,,,,,,,,,,,,,,,,,,,,,,,,,,,,,,,,,,,,,,,,,,,,,,,,,,,,,,,,,,,,,,,,,,,,,,,,,,,,,,,,,,,,,,,,,,,,,,,,
China,CHN,Guangdong,CHN_GD,STATE_TOTAL,20230101,,,,,,,,,,,,,,,,,,,,,,,,,,,,,,,,,,,,,,,,,,,,,,,,,,,,,,,,,,,,,,,,,,,,,,,,,,,,,,,,,,,,,,,,,,,,,,,,,,,,,,,,,,,,,,,,,,,,,,,,,,,,,,83268,8,Over 50%,,,,,,,,,,,,,,,,,,,,,,,,,,
China,CHN,Guangdong,CHN_GD,STATE_TOTAL,20230102,,,,,,,,,,,,,,,,,,,,,,,,,,,,,,,,,,,,,,,,,,,,,,,,,,,,,,,,,,,,,,,,,,,,,,,,,,,,,,,,,,,,,,,,,,,,,,,,,,,,,,,,,,,,,,,,,,,,,,,,,,,,,,84840,8,Over 50%,,,,,,,,,,,,,,,,,,,,,,,,,,
China,CHN,Guangdong,CHN_GD,STATE_TOTAL,20230103,,,,,,,,,,,,,,,,,,,,,,,,,,,,,,,,,,,,,,,,,,,,,,,,,,,,,,,,,,,,,,,,,,,,,,,,,,,,,,,,,,,,,,,,,,,,,,,,,,,,,,,,,,,,,,,,,,,,,,,,,,,,,,86687,8,Over 50%,,,,,,,,,,,,,,,,,,,,,,,,,,
China,CHN,Guangdong,CHN_GD,STATE_TOTAL,20230104,,,,,,,,,,,,,,,,,,,,,,,,,,,,,,,,,,,,,,,,,,,,,,,,,,,,,,,,,,,,,,,,,,,,,,,,,,,,,,,,,,,,,,,,,,,,,,,,,,,,,,,,,,,,,,,,,,,,,,,,,,,,,,89606,9,Over 50%,,,,,,,,,,,,,,,,,,,,,,,,,,
China,CHN,Guangdong,CHN_GD,STATE_TOTAL,20230105,,,,,,,,,,,,,,,,,,,,,,,,,,,,,,,,,,,,,,,,,,,,,,,,,,,,,,,,,,,,,,,,,,,,,,,,,,,,,,,,,,,,,,,,,,,,,,,,,,,,,,,,,,,,,,,,,,,,,,,,,,,,,,93018,9,Over 50%,,,,,,,,,,,,,,,,,,,,,,,,,,
China,CHN,Guangdong,CHN_GD,STATE_TOTAL,20230106,,,,,,,,,,,,,,,,,,,,,,,,,,,,,,,,,,,,,,,,,,,,,,,,,,,,,,,,,,,,,,,,,,,,,,,,,,,,,,,,,,,,,,,,,,,,,,,,,,,,,,,,,,,,,,,,,,,,,,,,,,,,,,96165,9,Over 50%,,,,,,,,,,,,,,,,,,,,,,,,,,
China,CHN,Guangdong,CHN_GD,STATE_TOTAL,20230107,,,,,,,,,,,,,,,,,,,,,,,,,,,,,,,,,,,,,,,,,,,,,,,,,,,,,,,,,,,,,,,,,,,,,,,,,,,,,,,,,,,,,,,,,,,,,,,,,,,,,,,,,,,,,,,,,,,,,,,,,,,,,,99673,9,Over 50%,,,,,,,,,,,,,,,,,,,,,,,,,,
China,CHN,Guangdong,CHN_GD,STATE_TOTAL,20230108,,,,,,,,,,,,,,,,,,,,,,,,,,,,,,,,,,,,,,,,,,,,,,,,,,,,,,,,,,,,,,,,,,,,,,,,,,,,,,,,,,,,,,,,,,,,,,,,,,,,,,,,,,,,,,,,,,,,,,,,,,,,,,101510,10,Over 50%,,,,,,,,,,,,,,,,,,,,,,,,,,
China,CHN,Guangdong,CHN_GD,STATE_TOTAL,20230109,,,,,,,,,,,,,,,,,,,,,,,,,,,,,,,,,,,,,,,,,,,,,,,,,,,,,,,,,,,,,,,,,,,,,,,,,,,,,,,,,,,,,,,,,,,,,,,,,,,,,,,,,,,,,,,,,,,,,,,,,,,,,,103248,10,Over 50%,,,,,,,,,,,,,,,,,,,,,,,,,,
China,CHN,Guangdong,CHN_GD,STATE_TOTAL,20230110,,,,,,,,,,,,,,,,,,,,,,,,,,,,,,,,,,,,,,,,,,,,,,,,,,,,,,,,,,,,,,,,,,,,,,,,,,,,,,,,,,,,,,,,,,,,,,,,,,,,,,,,,,,,,,,,,,,,,,,,,,,,,,,,,,,,,,,,,,,,,,,,,,,,,,,,,,
China,CHN,Guangdong,CHN_GD,STATE_TOTAL,20230111,,,,,,,,,,,,,,,,,,,,,,,,,,,,,,,,,,,,,,,,,,,,,,,,,,,,,,,,,,,,,,,,,,,,,,,,,,,,,,,,,,,,,,,,,,,,,,,,,,,,,,,,,,,,,,,,,,,,,,,,,,,,,,,,,,,,,,,,,,,,,,,,,,,,,,,,,,
China,CHN,Gansu,CHN_GS,STATE_TOTAL,20230101,1.00,1,,,,,1.00,1,,1.00,1,,,,,1.00,1,,,,,,,,,,,0.00,,,,,,0.00,,,0.00,,,,,,0.00,,,0.00,,,,,,0.00,,,0.00,,,,,,0.00,,,,,,,,0.00,,,0.00,,,,,,2.00,1,,3.00,,0.00,,,,0.00,,2.00,1,,,,,2.00,1,,5.00,1,,2.00,1,,,,,2.00,1,,,,,,,,,,,,,,,,,,1572,2,Over 50%,,,,,,,,,30.21,30.21,30.21,30.21,30.21,30.21,,,34.52,34.52,34.52,34.52,34.52,34.52,,,0.00,0.00
China,CHN,Gansu,CHN_GS,STATE_TOTAL,20230102,1.00,1,,,,,1.00,1,,1.00,1,,,,,1.00,1,,,,,,,,,,,0.00,,,,,,0.00,,,0.00,,,,,,0.00,,,0.00,,,,,,0.00,,,0.00,,,,,,0.00,,,,,,,,0.00,,,0.00,,,,,,2.00,1,,3.00,,0.00,,,,0.00,,2.00,1,,,,,2.00,1,,5.00,1,,2.00,1,,,,,2.00,1,,,,,,,,,,,,,,,,,,1572,2,Over 50%,,,,,,,,,30.21,30.21,30.21,30.21,30.21,30.21,,,34.52,34.52,34.52,34.52,34.52,34.52,,,0.00,0.00
China,CHN,Gansu,CHN_GS,STATE_TOTAL,20230103,1.00,1,,,,,1.00,1,,1.00,1,,,,,1.00,1,,,,,,,,,,,0.00,,,,,,0.00,,,0.00,,,,,,0.00,,,0.00,,,,,,0.00,,,0.00,,,,,,0.00,,,,,,,,0.00,,,0.00,,,,,,2.00,1,,3.00,,0.00,,,,0.00,,2.00,1,,,,,2.00,1,,5.00,1,,2.00,1,,,,,2.00,1,,,,,,,,,,,,,,,,,,1572,2,Over 50%,,,,,,,,,30.21,30.21,30.21,30.21,30.21,30.21,,,34.52,34.52,34.52,34.52,34.52,34.52,,,0.00,0.00
China,CHN,Gansu,CHN_GS,STATE_TOTAL,20230104,1.00,1,,,,,1.00,1,,1.00,1,,,,,1.00,1,,,,,,,,,,,0.00,,,,,,0.00,,,0.00,,,,,,0.00,,,0.00,,,,,,0.00,,,0.00,,,,,,0.00,,,,,,,,0.00,,,0.00,,,,,,2.00,1,,3.00,,0.00,,,,0.00,,2.00,1,,,,,2.00,1,,5.00,1,,2.00,1,,,,,2.00,1,,,,,,,,,,,,,,,,,,1572,2,Over 50%,,,,,,,,,30.21,30.21,30.21,30.21,30.21,30.21,,,34.52,34.52,34.52,34.52,34.52,34.52,,,0.00,0.00
China,CHN,Gansu,CHN_GS,STATE_TOTAL,20230105,,,,,,,,,,,,,,,,,,,,,,,,,,,,,,,,,,,,,,,,,,,,,,,,,,,,,,,,,,,,,,,,,,,,,,,,,,,,,,,,,,,,,,,0.00,,,,,,,,,,,,,,,,,,,,,,,,,,,,,,,,,,,,,,,1576,2,Over 50%,,,,,,,,,,,,,,,,,,,,,,,,,,
China,CHN,Gansu,CHN_GS,STATE_TOTAL,20230106,,,,,,,,,,,,,,,,,,,,,,,,,,,,,,,,,,,,,,,,,,,,,,,,,,,,,,,,,,,,,,,,,,,,,,,,,,,,,,,,,,,,,,,,,,,,,,,,,,,,,,,,,,,,,,,,,,,,,,,,,,,,,,1580,2,Over 50%,,,,,,,,,,,,,,,,,,,,,,,,,,
China,CHN,Gansu,CHN_GS,STATE_TOTAL,20230107,,,,,,,,,,,,,,,,,,,,,,,,,,,,,,,,,,,,,,,,,,,,,,,,,,,,,,,,,,,,,,,,,,,,,,,,,,,,,,,,,,,,,,,,,,,,,,,,,,,,,,,,,,,,,,,,,,,,,,,,,,,,,,1616,2,Over 50%,,,,,,,,,,,,,,,,,,,,,,,,,,
China,CHN,Gansu,CHN_GS,STATE_TOTAL,20230108,,,,,,,,,,,,,,,,,,,,,,,,,,,,,,,,,,,,,,,,,,,,,,,,,,,,,,,,,,,,,,,,,,,,,,,,,,,,,,,,,,,,,,,,,,,,,,,,,,,,,,,,,,,,,,,,,,,,,,,,,,,,,,1622,2,Over 50%,,,,,,,,,,,,,,,,,,,,,,,,,,
China,CHN,Gansu,CHN_GS,STATE_TOTAL,20230109,,,,,,,,,,,,,,,,,,,,,,,,,,,,,,,,,,,,,,,,,,,,,,,,,,,,,,,,,,,,,,,,,,,,,,,,,,,,,,,,,,,,,,,,,,,,,,,,,,,,,,,,,,,,,,,,,,,,,,,,,,,,,,1742,2,Over 50%,,,,,,,,,,,,,,,,,,,,,,,,,,
China,CHN,Gansu,CHN_GS,STATE_TOTAL,20230110,,,,,,,,,,,,,,,,,,,,,,,,,,,,,,,,,,,,,,,,,,,,,,,,,,,,,,,,,,,,,,,,,,,,,,,,,,,,,,,,,,,,,,,,,,,,,,,,,,,,,,,,,,,,,,,,,,,,,,,,,,,,,,,,,,,,,,,,,,,,,,,,,,,,,,,,,,
China,CHN,Gansu,CHN_GS,STATE_TOTAL,20230111,,,,,,,,,,,,,,,,,,,,,,,,,,,,,,,,,,,,,,,,,,,,,,,,,,,,,,,,,,,,,,,,,,,,,,,,,,,,,,,,,,,,,,,,,,,,,,,,,,,,,,,,,,,,,,,,,,,,,,,,,,,,,,,,,,,,,,,,,,,,,,,,,,,,,,,,,,
China,CHN,Guangxi,CHN_GX,STATE_TOTAL,20230101,2.00,0,,,,,2.00,0,,,,,,,,,,,,,,,,,,,,,,,,,,,,,,,,,,,,,,,,,,,,,,,,,,,,,,,,,,,,,0.00,,,0.00,,,,,,,,,,,,,,,0.00,,,,,,,,,,,,,,,,,,,,,,,,,,,,,,,,,,,,,,,3204,2,Over 50%,,,,,,,,,,,,,,,,,,,,,,,,,0.00,0.00
China,CHN,Guangxi,CHN_GX,STATE_TOTAL,20230102,2.00,0,,,,,2.00,0,,,,,,,,,,,,,,,,,,,,,,,,,,,,,,,,,,,,,,,,,,,,,,,,,,,,,,,,,,,,,0.00,,,0.00,,,,,,,,,,,,,,,0.00,,,,,,,,,,,,,,,,,,,,,,,,,,,,,,,,,,,,,,,3477,2,Over 50%,,,,,,,,,,,,,,,,,,,,,,,,,0.00,0.00
China,CHN,Guangxi,CHN_GX,STATE_TOTAL,20230103,2.00,0,,,,,2.00,0,,,,,,,,,,,,,,,,,,,,,,,,,,,,,,,,,,,,,,,,,,,,,,,,,,,,,,,,,,,,,0.00,,,0.00,,,,,,,,,,,,,,,0.00,,,,,,,,,,,,,,,,,,,,,,,,,,,,,,,,,,,,,,,3860,2,Over 50%,,,,,,,,,,,,,,,,,,,,,,,,,0.00,0.00
China,CHN,Guangxi,CHN_GX,STATE_TOTAL,20230104,2.00,0,,,,,2.00,0,,,,,,,,,,,,,,,,,,,,,,,,,,,,,,,,,,,,,,,,,,,,,,,,,,,,,,,,,,,,,0.00,,,0.00,,,,,,,,,,,,,,,0.00,,,,,,,,,,,,,,,,,,,,,,,,,,,,,,,,,,,,,,,4550,2,Over 50%,,,,,,,,,,,,,,,,,,,,,,,,,0.00,0.00
China,CHN,Guangxi,CHN_GX,STATE_TOTAL,20230105,,,,,,,,,,,,,,,,,,,,,,,,,,,,,,,,,,,,,,,,,,,,,,,,,,,,,,,,,,,,,,,,,,,,,,,,,,,,,,,,,,,,,,,,,,,,,,,,,,,,,,,,,,,,,,,,,,,,,,,,,,,,,,5835,2,Over 50%,,,,,,,,,,,,,,,,,,,,,,,,,,
China,CHN,Guangxi,CHN_GX,STATE_TOTAL,20230106,,,,,,,,,,,,,,,,,,,,,,,,,,,,,,,,,,,,,,,,,,,,,,,,,,,,,,,,,,,,,,,,,,,,,,,,,,,,,,,,,,,,,,,,,,,,,,,,,,,,,,,,,,,,,,,,,,,,,,,,,,,,,,7642,2,Over 50%,,,,,,,,,,,,,,,,,,,,,,,,,,
China,CHN,Guangxi,CHN_GX,STATE_TOTAL,20230107,,,,,,,,,,,,,,,,,,,,,,,,,,,,,,,,,,,,,,,,,,,,,,,,,,,,,,,,,,,,,,,,,,,,,,,,,,,,,,,,,,,,,,,,,,,,,,,,,,,,,,,,,,,,,,,,,,,,,,,,,,,,,,9471,2,Over 50%,,,,,,,,,,,,,,,,,,,,,,,,,,
China,CHN,Guangxi,CHN_GX,STATE_TOTAL,20230108,,,,,,,,,,,,,,,,,,,,,,,,,,,,,,,,,,,,,,,,,,,,,,,,,,,,,,,,,,,,,,,,,,,,,,,,,,,,,,,,,,,,,,,,,,,,,,,,,,,,,,,,,,,,,,,,,,,,,,,,,,,,,,11517,2,Over 50%,,,,,,,,,,,,,,,,,,,,,,,,,,
China,CHN,Guangxi,CHN_GX,STATE_TOTAL,20230109,,,,,,,,,,,,,,,,,,,,,,,,,,,,,,,,,,,,,,,,,,,,,,,,,,,,,,,,,,,,,,,,,,,,,,,,,,,,,,,,,,,,,,,,,,,,,,,,,,,,,,,,,,,,,,,,,,,,,,,,,,,,,,13371,2,Over 50%,,,,,,,,,,,,,,,,,,,,,,,,,,
China,CHN,Guangxi,CHN_GX,STATE_TOTAL,20230110,,,,,,,,,,,,,,,,,,,,,,,,,,,,,,,,,,,,,,,,,,,,,,,,,,,,,,,,,,,,,,,,,,,,,,,,,,,,,,,,,,,,,,,,,,,,,,,,,,,,,,,,,,,,,,,,,,,,,,,,,,,,,,,,,,,,,,,,,,,,,,,,,,,,,,,,,,
China,CHN,Guangxi,CHN_GX,STATE_TOTAL,20230111,,,,,,,,,,,,,,,,,,,,,,,,,,,,,,,,,,,,,,,,,,,,,,,,,,,,,,,,,,,,,,,,,,,,,,,,,,,,,,,,,,,,,,,,,,,,,,,,,,,,,,,,,,,,,,,,,,,,,,,,,,,,,,,,,,,,,,,,,,,,,,,,,,,,,,,,,,
China,CHN,Guizhou,CHN_GZ,STATE_TOTAL,20230101,,,,,,,,,,,,,,,,,,,,,,,,,,,,,,,,,,,,,,,,,,,,,,,,,,,,,,,,,,,,,,,,,,,,,,,,,,,,,,,,,,,,,,,,,,,,,,,,,,,,,,,,,,,,,,,,,,,,,,,,,,,,,,1818,2,Over 50%,,,,,,,,,,,,,,,,,,,,,,,,,,
China,CHN,Guizhou,CHN_GZ,STATE_TOTAL,20230102,,,,,,,,,,,,,,,,,,,,,,,,,,,,,,,,,,,,,,,,,,,,,,,,,,,,,,,,,,,,,,,,,,,,,,,,,,,,,,,,,,,,,,,,,,,,,,,,,,,,,,,,,,,,,,,,,,,,,,,,,,,,,,1906,2,Over 50%,,,,,,,,,,,,,,,,,,,,,,,,,,
China,CHN,Guizhou,CHN_GZ,STATE_TOTAL,20230103,,,,,,,,,,,,,,,,,,,,,,,,,,,,,,,,,,,,,,,,,,,,,,,,,,,,,,,,,,,,,,,,,,,,,,,,,,,,,,,,,,,,,,,,,,,,,,,,,,,,,,,,,,,,,,,,,,,,,,,,,,,,,,1950,2,Over 50%,,,,,,,,,,,,,,,,,,,,,,,,,,
China,CHN,Guizhou,CHN_GZ,STATE_TOTAL,20230104,,,,,,,,,,,,,,,,,,,,,,,,,,,,,,,,,,,,,,,,,,,,,,,,,,,,,,,,,,,,,,,,,,,,,,,,,,,,,,,,,,,,,,,,,,,,,,,,,,,,,,,,,,,,,,,,,,,,,,,,,,,,,,2043,2,Over 50%,,,,,,,,,,,,,,,,,,,,,,,,,,
China,CHN,Guizhou,CHN_GZ,STATE_TOTAL,20230105,,,,,,,,,,,,,,,,,,,,,,,,,,,,,,,,,,,,,,,,,,,,,,,,,,,,,,,,,,,,,,,,,,,,,,,,,,,,,,,,,,,,,,,,,,,,,,,,,,,,,,,,,,,,,,,,,,,,,,,,,,,,,,2133,2,Over 50%,,,,,,,,,,,,,,,,,,,,,,,,,,
China,CHN,Guizhou,CHN_GZ,STATE_TOTAL,20230106,,,,,,,,,,,,,,,,,,,,,,,,,,,,,,,,,,,,,,,,,,,,,,,,,,,,,,,,,,,,,,,,,,,,,,,,,,,,,,,,,,,,,,,,,,,,,,,,,,,,,,,,,,,,,,,,,,,,,,,,,,,,,,2202,2,Over 50%,,,,,,,,,,,,,,,,,,,,,,,,,,
China,CHN,Guizhou,CHN_GZ,STATE_TOTAL,20230107,,,,,,,,,,,,,,,,,,,,,,,,,,,,,,,,,,,,,,,,,,,,,,,,,,,,,,,,,,,,,,,,,,,,,,,,,,,,,,,,,,,,,,,,,,,,,,,,,,,,,,,,,,,,,,,,,,,,,,,,,,,,,,2338,2,Over 50%,,,,,,,,,,,,,,,,,,,,,,,,,,
China,CHN,Guizhou,CHN_GZ,STATE_TOTAL,20230108,,,,,,,,,,,,,,,,,,,,,,,,,,,,,,,,,,,,,,,,,,,,,,,,,,,,,,,,,,,,,,,,,,,,,,,,,,,,,,,,,,,,,,,,,,,,,,,,,,,,,,,,,,,,,,,,,,,,,,,,,,,,,,2387,2,Over 50%,,,,,,,,,,,,,,,,,,,,,,,,,,
China,CHN,Guizhou,CHN_GZ,STATE_TOTAL,20230109,,,,,,,,,,,,,,,,,,,,,,,,,,,,,,,,,,,,,,,,,,,,,,,,,,,,,,,,,,,,,,,,,,,,,,,,,,,,,,,,,,,,,,,,,,,,,,,,,,,,,,,,,,,,,,,,,,,,,,,,,,,,,,2534,2,Over 50%,,,,,,,,,,,,,,,,,,,,,,,,,,
China,CHN,Guizhou,CHN_GZ,STATE_TOTAL,20230110,,,,,,,,,,,,,,,,,,,,,,,,,,,,,,,,,,,,,,,,,,,,,,,,,,,,,,,,,,,,,,,,,,,,,,,,,,,,,,,,,,,,,,,,,,,,,,,,,,,,,,,,,,,,,,,,,,,,,,,,,,,,,,,,,,,,,,,,,,,,,,,,,,,,,,,,,,
China,CHN,Guizhou,CHN_GZ,STATE_TOTAL,20230111,,,,,,,,,,,,,,,,,,,,,,,,,,,,,,,,,,,,,,,,,,,,,,,,,,,,,,,,,,,,,,,,,,,,,,,,,,,,,,,,,,,,,,,,,,,,,,,,,,,,,,,,,,,,,,,,,,,,,,,,,,,,,,,,,,,,,,,,,,,,,,,,,,,,,,,,,,
China,CHN,Henan,CHN_HA,STATE_TOTAL,20230101,3.00,1,,,,,3.00,1,,1.00,1,,,,,1.00,1,,,,,,,,,,,1.00,1,,,,,1.00,1,,0.00,,,,,,0.00,,,1.00,1,,,,,1.00,1,,1.00,1,,,,,1.00,1,,3.00,,,3.00,,0.00,,,0.00,,,,,,2.00,1,,3.00,,2.00,,,,0.00,,2.00,1,,,,,2.00,1,,5.00,1,,3.00,1,,,,,3.00,1,,,,,,,,,,,,,,,,,,9425,23,Over 50%,46.30,46.30,46.30,46.30,46.30,46.30,,,54.17,54.17,54.17,54.17,54.17,54.17,,,61.90,61.90,61.90,61.90,61.90,61.90,,,0.00,0.00
China,CHN,Henan,CHN_HA,STATE_TOTAL,20230102,3.00,1,,,,,3.00,1,,1.00,1,,,,,1.00,1,,,,,,,,,,,1.00,1,,,,,1.00,1,,0.00,,,,,,0.00,,,1.00,1,,,,,1.00,1,,1.00,1,,,,,1.00,1,,3.00,,,3.00,,0.00,,,0.00,,,,,,2.00,1,,3.00,,2.00,,,,0.00,,2.00,1,,,,,2.00,1,,5.00,1,,3.00,1,,,,,3.00,1,,,,,,,,,,,,,,,,,,9448,23,Over 50%,46.30,46.30,46.30,46.30,46.30,46.30,,,54.17,54.17,54.17,54.17,54.17,54.17,,,61.90,61.90,61.90,61.90,61.90,61.90,,,0.00,0.00
China,CHN,Henan,CHN_HA,STATE_TOTAL,20230103,3.00,1,,,,,3.00,1,,1.00,1,,,,,1.00,1,,,,,,,,,,,1.00,1,,,,,1.00,1,,0.00,,,,,,0.00,,,1.00,1,,,,,1.00,1,,1.00,1,,,,,1.00,1,,3.00,,,3.00,,0.00,,,0.00,,,,,,2.00,1,,3.00,,2.00,,,,0.00,,2.00,1,,,,,2.00,1,,5.00,1,,3.00,1,,,,,3.00,1,,,,,,,,,,,,,,,,,,9469,23,Over 50%,46.30,46.30,46.30,46.30,46.30,46.30,,,54.17,54.17,54.17,54.17,54.17,54.17,,,61.90,61.90,61.90,61.90,61.90,61.90,,,0.00,0.00
China,CHN,Henan,CHN_HA,STATE_TOTAL,20230104,3.00,1,,,,,3.00,1,,1.00,1,,,,,1.00,1,,,,,,,,,,,1.00,1,,,,,1.00,1,,0.00,,,,,,0.00,,,1.00,1,,,,,1.00,1,,1.00,1,,,,,1.00,1,,3.00,,,3.00,,0.00,,,0.00,,,,,,2.00,1,,3.00,,2.00,,,,0.00,,2.00,1,,,,,2.00,1,,5.00,1,,3.00,1,,,,,3.00,1,,,,,,,,,,,,,,,,,,9500,23,Over 50%,46.30,46.30,46.30,46.30,46.30,46.30,,,54.17,54.17,54.17,54.17,54.17,54.17,,,61.90,61.90,61.90,61.90,61.90,61.90,,,0.00,0.00
China,CHN,Henan,CHN_HA,STATE_TOTAL,20230105,,,,,,,,,,,,,,,,,,,,,,,,,,,,,,,,,,,,,,,,,,,,,,,,,,,,,,,,,,,,,,,,,,,,,,,,,,,,,,,,,,,,,,,,,,,,,,,,,,,,,,,,,,,,,,,,,,,,,,,,,,,,,,9591,23,Over 50%,,,,,,,,,,,,,,,,,,,,,,,,,,
China,CHN,Henan,CHN_HA,STATE_TOTAL,20230106,,,,,,,,,,,,,,,,,,,,,,,,,,,,,,,,,,,,,,,,,,,,,,,,,,,,,,,,,,,,,,,,,,,,,,,,,,,,,,,,,,,,,,,,,,,,,,,,,,,,,,,,,,,,,,,,,,,,,,,,,,,,,,9639,23,Over 50%,,,,,,,,,,,,,,,,,,,,,,,,,,
China,CHN,Henan,CHN_HA,STATE_TOTAL,20230107,,,,,,,,,,,,,,,,,,,,,,,,,,,,,,,,,,,,,,,,,,,,,,,,,,,,,,,,,,,,,,,,,,,,,,,,,,,,,,,,,,,,,,,,,,,,,,,,,,,,,,,,,,,,,,,,,,,,,,,,,,,,,,9719,23,Over 50%,,,,,,,,,,,,,,,,,,,,,,,,,,
China,CHN,Henan,CHN_HA,STATE_TOTAL,20230108,,,,,,,,,,,,,,,,,,,,,,,,,,,,,,,,,,,,,,,,,,,,,,,,,,,,,,,,,,,,,,,,,,,,,,,,,,,,,,,,,,,,,,,,,,,,,,,,,,,,,,,,,,,,,,,,,,,,,,,,,,,,,,9767,23,Over 50%,,,,,,,,,,,,,,,,,,,,,,,,,,
China,CHN,Henan,CHN_HA,STATE_TOTAL,20230109,,,,,,,,,,,,,,,,,,,,,,,,,,,,,,,,,,,,,,,,,,,,,,,,,,,,,,,,,,,,,,,,,,,,,,,,,,,,,,,,,,,,,,,,,,,,,,,,,,,,,,,,,,,,,,,,,,,,,,,,,,,,,,9948,23,Over 50%,,,,,,,,,,,,,,,,,,,,,,,,,,
China,CHN,Henan,CHN_HA,STATE_TOTAL,20230110,,,,,,,,,,,,,,,,,,,,,,,,,,,,,,,,,,,,,,,,,,,,,,,,,,,,,,,,,,,,,,,,,,,,,,,,,,,,,,,,,,,,,,,,,,,,,,,,,,,,,,,,,,,,,,,,,,,,,,,,,,,,,,,,,,,,,,,,,,,,,,,,,,,,,,,,,,
China,CHN,Henan,CHN_HA,STATE_TOTAL,20230111,,,,,,,,,,,,,,,,,,,,,,,,,,,,,,,,,,,,,,,,,,,,,,,,,,,,,,,,,,,,,,,,,,,,,,,,,,,,,,,,,,,,,,,,,,,,,,,,,,,,,,,,,,,,,,,,,,,,,,,,,,,,,,,,,,,,,,,,,,,,,,,,,,,,,,,,,,
China,CHN,Hubei,CHN_HB,STATE_TOTAL,20230101,,,,,,,,,,,,,,,,,,,,,,,,,,,,,,,,,,,,,,,,,,,,,,,,,,,,,,,,,,,,,,,,,,,,,,,,,,,,,,,,,,,,,,,,,,,,,,,,,,,,,,,,,,,,,,,,,,,,,,,,,,,,,,70876,4512,Over 50%,,,,,,,,,,,,,,,,,,,,,,,,,,
China,CHN,Hubei,CHN_HB,STATE_TOTAL,20230102,,,,,,,,,,,,,,,,,,,,,,,,,,,,,,,,,,,,,,,,,,,,,,,,,,,,,,,,,,,,,,,,,,,,,,,,,,,,,,,,,,,,,,,,,,,,,,,,,,,,,,,,,,,,,,,,,,,,,,,,,,,,,,70988,4512,Over 50%,,,,,,,,,,,,,,,,,,,,,,,,,,
China,CHN,Hubei,CHN_HB,STATE_TOTAL,20230103,,,,,,,,,,,,,,,,,,,,,,,,,,,,,,,,,,,,,,,,,,,,,,,,,,,,,,,,,,,,,,,,,,,,,,,,,,,,,,,,,,,,,,,,,,,,,,,,,,,,,,,,,,,,,,,,,,,,,,,,,,,,,,71125,4512,Over 50%,,,,,,,,,,,,,,,,,,,,,,,,,,
China,CHN,Hubei,CHN_HB,STATE_TOTAL,20230104,,,,,,,,,,,,,,,,,,,,,,,,,,,,,,,,,,,,,,,,,,,,,,,,,,,,,,,,,,,,,,,,,,,,,,,,,,,,,,,,,,,,,,,,,,,,,,,,,,,,,,,,,,,,,,,,,,,,,,,,,,,,,,71269,4513,Over 50%,,,,,,,,,,,,,,,,,,,,,,,,,,
China,CHN,Hubei,CHN_HB,STATE_TOTAL,20230105,,,,,,,,,,,,,,,,,,,,,,,,,,,,,,,,,,,,,,,,,,,,,,,,,,,,,,,,,,,,,,,,,,,,,,,,,,,,,,,,,,,,,,,,,,,,,,,,,,,,,,,,,,,,,,,,,,,,,,,,,,,,,,71443,4513,Over 50%,,,,,,,,,,,,,,,,,,,,,,,,,,
China,CHN,Hubei,CHN_HB,STATE_TOTAL,20230106,,,,,,,,,,,,,,,,,,,,,,,,,,,,,,,,,,,,,,,,,,,,,,,,,,,,,,,,,,,,,,,,,,,,,,,,,,,,,,,,,,,,,,,,,,,,,,,,,,,,,,,,,,,,,,,,,,,,,,,,,,,,,,71695,4513,Over 50%,,,,,,,,,,,,,,,,,,,,,,,,,,
China,CHN,Hubei,CHN_HB,STATE_TOTAL,20230107,,,,,,,,,,,,,,,,,,,,,,,,,,,,,,,,,,,,,,,,,,,,,,,,,,,,,,,,,,,,,,,,,,,,,,,,,,,,,,,,,,,,,,,,,,,,,,,,,,,,,,,,,,,,,,,,,,,,,,,,,,,,,,71924,4515,Over 50%,,,,,,,,,,,,,,,,,,,,,,,,,,
China,CHN,Hubei,CHN_HB,STATE_TOTAL,20230108,,,,,,,,,,,,,,,,,,,,,,,,,,,,,,,,,,,,,,,,,,,,,,,,,,,,,,,,,,,,,,,,,,,,,,,,,,,,,,,,,,,,,,,,,,,,,,,,,,,,,,,,,,,,,,,,,,,,,,,,,,,,,,72029,4515,Over 50%,,,,,,,,,,,,,,,,,,,,,,,,,,
China,CHN,Hubei,CHN_HB,STATE_TOTAL,20230109,,,,,,,,,,,,,,,,,,,,,,,,,,,,,,,,,,,,,,,,,,,,,,,,,,,,,,,,,,,,,,,,,,,,,,,,,,,,,,,,,,,,,,,,,,,,,,,,,,,,,,,,,,,,,,,,,,,,,,,,,,,,,,72131,4515,Over 50%,,,,,,,,,,,,,,,,,,,,,,,,,,
China,CHN,Hubei,CHN_HB,STATE_TOTAL,20230110,,,,,,,,,,,,,,,,,,,,,,,,,,,,,,,,,,,,,,,,,,,,,,,,,,,,,,,,,,,,,,,,,,,,,,,,,,,,,,,,,,,,,,,,,,,,,,,,,,,,,,,,,,,,,,,,,,,,,,,,,,,,,,,,,,,,,,,,,,,,,,,,,,,,,,,,,,
China,CHN,Hubei,CHN_HB,STATE_TOTAL,20230111,,,,,,,,,,,,,,,,,,,,,,,,,,,,,,,,,,,,,,,,,,,,,,,,,,,,,,,,,,,,,,,,,,,,,,,,,,,,,,,,,,,,,,,,,,,,,,,,,,,,,,,,,,,,,,,,,,,,,,,,,,,,,,,,,,,,,,,,,,,,,,,,,,,,,,,,,,
China,CHN,Hebei,CHN_HE,STATE_TOTAL,20230101,,,,,,,,,,,,,,,,,,,,,,,,,,,,,,,,,,,,,,,,,,,,,,,,,,,,,,,,,,,,,,,,,,,,,,,,,,,,,,,,,,,,,,,,,,,,,,,,,,,,,,,,,,,,,,,,,,,,,,,,,,,,,,3075,7,Over 50%,,,,,,,,,,,,,,,,,,,,,,,,,,
China,CHN,Hebei,CHN_HE,STATE_TOTAL,20230102,,,,,,,,,,,,,,,,,,,,,,,,,,,,,,,,,,,,,,,,,,,,,,,,,,,,,,,,,,,,,,,,,,,,,,,,,,,,,,,,,,,,,,,,,,,,,,,,,,,,,,,,,,,,,,,,,,,,,,,,,,,,,,3086,7,Over 50%,,,,,,,,,,,,,,,,,,,,,,,,,,
China,CHN,Hebei,CHN_HE,STATE_TOTAL,20230103,,,,,,,,,,,,,,,,,,,,,,,,,,,,,,,,,,,,,,,,,,,,,,,,,,,,,,,,,,,,,,,,,,,,,,,,,,,,,,,,,,,,,,,,,,,,,,,,,,,,,,,,,,,,,,,,,,,,,,,,,,,,,,3099,7,Over 50%,,,,,,,,,,,,,,,,,,,,,,,,,,
China,CHN,Hebei,CHN_HE,STATE_TOTAL,20230104,,,,,,,,,,,,,,,,,,,,,,,,,,,,,,,,,,,,,,,,,,,,,,,,,,,,,,,,,,,,,,,,,,,,,,,,,,,,,,,,,,,,,,,,,,,,,,,,,,,,,,,,,,,,,,,,,,,,,,,,,,,,,,3114,7,Over 50%,,,,,,,,,,,,,,,,,,,,,,,,,,
China,CHN,Hebei,CHN_HE,STATE_TOTAL,20230105,,,,,,,,,,,,,,,,,,,,,,,,,,,,,,,,,,,,,,,,,,,,,,,,,,,,,,,,,,,,,,,,,,,,,,,,,,,,,,,,,,,,,,,,,,,,,,,,,,,,,,,,,,,,,,,,,,,,,,,,,,,,,,3150,7,Over 50%,,,,,,,,,,,,,,,,,,,,,,,,,,
China,CHN,Hebei,CHN_HE,STATE_TOTAL,20230106,,,,,,,,,,,,,,,,,,,,,,,,,,,,,,,,,,,,,,,,,,,,,,,,,,,,,,,,,,,,,,,,,,,,,,,,,,,,,,,,,,,,,,,,,,,,,,,,,,,,,,,,,,,,,,,,,,,,,,,,,,,,,,3179,7,Over 50%,,,,,,,,,,,,,,,,,,,,,,,,,,
China,CHN,Hebei,CHN_HE,STATE_TOTAL,20230107,,,,,,,,,,,,,,,,,,,,,,,,,,,,,,,,,,,,,,,,,,,,,,,,,,,,,,,,,,,,,,,,,,,,,,,,,,,,,,,,,,,,,,,,,,,,,,,,,,,,,,,,,,,,,,,,,,,,,,,,,,,,,,3215,7,Over 50%,,,,,,,,,,,,,,,,,,,,,,,,,,
China,CHN,Hebei,CHN_HE,STATE_TOTAL,20230108,,,,,,,,,,,,,,,,,,,,,,,,,,,,,,,,,,,,,,,,,,,,,,,,,,,,,,,,,,,,,,,,,,,,,,,,,,,,,,,,,,,,,,,,,,,,,,,,,,,,,,,,,,,,,,,,,,,,,,,,,,,,,,3250,7,Over 50%,,,,,,,,,,,,,,,,,,,,,,,,,,
China,CHN,Hebei,CHN_HE,STATE_TOTAL,20230109,,,,,,,,,,,,,,,,,,,,,,,,,,,,,,,,,,,,,,,,,,,,,,,,,,,,,,,,,,,,,,,,,,,,,,,,,,,,,,,,,,,,,,,,,,,,,,,,,,,,,,,,,,,,,,,,,,,,,,,,,,,,,,3292,7,Over 50%,,,,,,,,,,,,,,,,,,,,,,,,,,
China,CHN,Hebei,CHN_HE,STATE_TOTAL,20230110,,,,,,,,,,,,,,,,,,,,,,,,,,,,,,,,,,,,,,,,,,,,,,,,,,,,,,,,,,,,,,,,,,,,,,,,,,,,,,,,,,,,,,,,,,,,,,,,,,,,,,,,,,,,,,,,,,,,,,,,,,,,,,,,,,,,,,,,,,,,,,,,,,,,,,,,,,
China,CHN,Hebei,CHN_HE,STATE_TOTAL,20230111,,,,,,,,,,,,,,,,,,,,,,,,,,,,,,,,,,,,,,,,,,,,,,,,,,,,,,,,,,,,,,,,,,,,,,,,,,,,,,,,,,,,,,,,,,,,,,,,,,,,,,,,,,,,,,,,,,,,,,,,,,,,,,,,,,,,,,,,,,,,,,,,,,,,,,,,,,
China,CHN,Hainan,CHN_HI,STATE_TOTAL,20230101,,,,,,,,,,,,,,,,,,,,,,,,,,,,,,,,,,,,,,,,,,,,,,,,,,,,,,,,,,,,,,,,,,,,,,,,,,,,,,,,,,,,,,,,,,,,,,,,,,,,,,,,,,,,,,,,,,,,,,,,,,,,,,10465,6,Over 50%,,,,,,,,,,,,,,,,,,,,,,,,,,
China,CHN,Hainan,CHN_HI,STATE_TOTAL,20230102,,,,,,,,,,,,,,,,,,,,,,,,,,,,,,,,,,,,,,,,,,,,,,,,,,,,,,,,,,,,,,,,,,,,,,,,,,,,,,,,,,,,,,,,,,,,,,,,,,,,,,,,,,,,,,,,,,,,,,,,,,,,,,10467,6,Over 50%,,,,,,,,,,,,,,,,,,,,,,,,,,
China,CHN,Hainan,CHN_HI,STATE_TOTAL,20230103,,,,,,,,,,,,,,,,,,,,,,,,,,,,,,,,,,,,,,,,,,,,,,,,,,,,,,,,,,,,,,,,,,,,,,,,,,,,,,,,,,,,,,,,,,,,,,,,,,,,,,,,,,,,,,,,,,,,,,,,,,,,,,10467,6,Over 50%,,,,,,,,,,,,,,,,,,,,,,,,,,
China,CHN,Hainan,CHN_HI,STATE_TOTAL,20230104,,,,,,,,,,,,,,,,,,,,,,,,,,,,,,,,,,,,,,,,,,,,,,,,,,,,,,,,,,,,,,,,,,,,,,,,,,,,,,,,,,,,,,,,,,,,,,,,,,,,,,,,,,,,,,,,,,,,,,,,,,,,,,10469,6,Over 50%,,,,,,,,,,,,,,,,,,,,,,,,,,
China,CHN,Hainan,CHN_HI,STATE_TOTAL,20230105,,,,,,,,,,,,,,,,,,,,,,,,,,,,,,,,,,,,,,,,,,,,,,,,,,,,,,,,,,,,,,,,,,,,,,,,,,,,,,,,,,,,,,,,,,,,,,,,,,,,,,,,,,,,,,,,,,,,,,,,,,,,,,10469,6,Over 50%,,,,,,,,,,,,,,,,,,,,,,,,,,
China,CHN,Hainan,CHN_HI,STATE_TOTAL,20230106,,,,,,,,,,,,,,,,,,,,,,,,,,,,,,,,,,,,,,,,,,,,,,,,,,,,,,,,,,,,,,,,,,,,,,,,,,,,,,,,,,,,,,,,,,,,,,,,,,,,,,,,,,,,,,,,,,,,,,,,,,,,,,10471,6,Over 50%,,,,,,,,,,,,,,,,,,,,,,,,,,
China,CHN,Hainan,CHN_HI,STATE_TOTAL,20230107,,,,,,,,,,,,,,,,,,,,,,,,,,,,,,,,,,,,,,,,,,,,,,,,,,,,,,,,,,,,,,,,,,,,,,,,,,,,,,,,,,,,,,,,,,,,,,,,,,,,,,,,,,,,,,,,,,,,,,,,,,,,,,10472,6,Over 50%,,,,,,,,,,,,,,,,,,,,,,,,,,
China,CHN,Hainan,CHN_HI,STATE_TOTAL,20230108,,,,,,,,,,,,,,,,,,,,,,,,,,,,,,,,,,,,,,,,,,,,,,,,,,,,,,,,,,,,,,,,,,,,,,,,,,,,,,,,,,,,,,,,,,,,,,,,,,,,,,,,,,,,,,,,,,,,,,,,,,,,,,10472,6,Over 50%,,,,,,,,,,,,,,,,,,,,,,,,,,
China,CHN,Hainan,CHN_HI,STATE_TOTAL,20230109,,,,,,,,,,,,,,,,,,,,,,,,,,,,,,,,,,,,,,,,,,,,,,,,,,,,,,,,,,,,,,,,,,,,,,,,,,,,,,,,,,,,,,,,,,,,,,,,,,,,,,,,,,,,,,,,,,,,,,,,,,,,,,10483,6,Over 50%,,,,,,,,,,,,,,,,,,,,,,,,,,
China,CHN,Hainan,CHN_HI,STATE_TOTAL,20230110,,,,,,,,,,,,,,,,,,,,,,,,,,,,,,,,,,,,,,,,,,,,,,,,,,,,,,,,,,,,,,,,,,,,,,,,,,,,,,,,,,,,,,,,,,,,,,,,,,,,,,,,,,,,,,,,,,,,,,,,,,,,,,,,,,,,,,,,,,,,,,,,,,,,,,,,,,
China,CHN,Hainan,CHN_HI,STATE_TOTAL,20230111,,,,,,,,,,,,,,,,,,,,,,,,,,,,,,,,,,,,,,,,,,,,,,,,,,,,,,,,,,,,,,,,,,,,,,,,,,,,,,,,,,,,,,,,,,,,,,,,,,,,,,,,,,,,,,,,,,,,,,,,,,,,,,,,,,,,,,,,,,,,,,,,,,,,,,,,,,
China,CHN,Heilongjiang,CHN_HL,STATE_TOTAL,20230101,,,,,,,,,,,,,,,,,,,,,,,,,,,,,,,,,,,,,,,,,,,,,,,,,,,,,,,,,,,,,,,,,,,,,,,,,,,,,,,,,,,,,,,,,,,,,,,,,,,,,,,,,,,,,,,,,,,,,,,,,,,,,,5821,13,Over 50%,,,,,,,,,,,,,,,,,,,,,,,,,,
China,CHN,Heilongjiang,CHN_HL,STATE_TOTAL,20230102,,,,,,,,,,,,,,,,,,,,,,,,,,,,,,,,,,,,,,,,,,,,,,,,,,,,,,,,,,,,,,,,,,,,,,,,,,,,,,,,,,,,,,,,,,,,,,,,,,,,,,,,,,,,,,,,,,,,,,,,,,,,,,5908,13,Over 50%,,,,,,,,,,,,,,,,,,,,,,,,,,
China,CHN,Heilongjiang,CHN_HL,STATE_TOTAL,20230103,,,,,,,,,,,,,,,,,,,,,,,,,,,,,,,,,,,,,,,,,,,,,,,,,,,,,,,,,,,,,,,,,,,,,,,,,,,,,,,,,,,,,,,,,,,,,,,,,,,,,,,,,,,,,,,,,,,,,,,,,,,,,,5948,14,Over 50%,,,,,,,,,,,,,,,,,,,,,,,,,,
China,CHN,Heilongjiang,CHN_HL,STATE_TOTAL,20230104,,,,,,,,,,,,,,,,,,,,,,,,,,,,,,,,,,,,,,,,,,,,,,,,,,,,,,,,,,,,,,,,,,,,,,,,,,,,,,,,,,,,,,,,,,,,,,,,,,,,,,,,,,,,,,,,,,,,,,,,,,,,,,6033,15,Over 50%,,,,,,,,,,,,,,,,,,,,,,,,,,
China,CHN,Heilongjiang,CHN_HL,STATE_TOTAL,20230105,,,,,,,,,,,,,,,,,,,,,,,,,,,,,,,,,,,,,,,,,,,,,,,,,,,,,,,,,,,,,,,,,,,,,,,,,,,,,,,,,,,,,,,,,,,,,,,,,,,,,,,,,,,,,,,,,,,,,,,,,,,,,,6114,15,Over 50%,,,,,,,,,,,,,,,,,,,,,,,,,,
China,CHN,Heilongjiang,CHN_HL,STATE_TOTAL,20230106,,,,,,,,,,,,,,,,,,,,,,,,,,,,,,,,,,,,,,,,,,,,,,,,,,,,,,,,,,,,,,,,,,,,,,,,,,,,,,,,,,,,,,,,,,,,,,,,,,,,,,,,,,,,,,,,,,,,,,,,,,,,,,6219,16,Over 50%,,,,,,,,,,,,,,,,,,,,,,,,,,
China,CHN,Heilongjiang,CHN_HL,STATE_TOTAL,20230107,,,,,,,,,,,,,,,,,,,,,,,,,,,,,,,,,,,,,,,,,,,,,,,,,,,,,,,,,,,,,,,,,,,,,,,,,,,,,,,,,,,,,,,,,,,,,,,,,,,,,,,,,,,,,,,,,,,,,,,,,,,,,,6347,16,Over 50%,,,,,,,,,,,,,,,,,,,,,,,,,,
China,CHN,Heilongjiang,CHN_HL,STATE_TOTAL,20230108,,,,,,,,,,,,,,,,,,,,,,,,,,,,,,,,,,,,,,,,,,,,,,,,,,,,,,,,,,,,,,,,,,,,,,,,,,,,,,,,,,,,,,,,,,,,,,,,,,,,,,,,,,,,,,,,,,,,,,,,,,,,,,6498,16,Over 50%,,,,,,,,,,,,,,,,,,,,,,,,,,
China,CHN,Heilongjiang,CHN_HL,STATE_TOTAL,20230109,,,,,,,,,,,,,,,,,,,,,,,,,,,,,,,,,,,,,,,,,,,,,,,,,,,,,,,,,,,,,,,,,,,,,,,,,,,,,,,,,,,,,,,,,,,,,,,,,,,,,,,,,,,,,,,,,,,,,,,,,,,,,,6603,18,Over 50%,,,,,,,,,,,,,,,,,,,,,,,,,,
China,CHN,Heilongjiang,CHN_HL,STATE_TOTAL,20230110,,,,,,,,,,,,,,,,,,,,,,,,,,,,,,,,,,,,,,,,,,,,,,,,,,,,,,,,,,,,,,,,,,,,,,,,,,,,,,,,,,,,,,,,,,,,,,,,,,,,,,,,,,,,,,,,,,,,,,,,,,,,,,,,,,,,,,,,,,,,,,,,,,,,,,,,,,
China,CHN,Heilongjiang,CHN_HL,STATE_TOTAL,20230111,,,,,,,,,,,,,,,,,,,,,,,,,,,,,,,,,,,,,,,,,,,,,,,,,,,,,,,,,,,,,,,,,,,,,,,,,,,,,,,,,,,,,,,,,,,,,,,,,,,,,,,,,,,,,,,,,,,,,,,,,,,,,,,,,,,,,,,,,,,,,,,,,,,,,,,,,,
China,CHN,Hunan,CHN_HN,STATE_TOTAL,20230101,,,,,,,,,,,,,,,,,,,,,,,,,,,,,,,,,,,,,,,,,,,,,,,,,,,,,,,,,,,,,,,,,,,,,,,,,,,,,,2.00,1,,,,,,,,0.00,,,,,,,,,,,,,,,,,,,,,,,,,,,,,,,,,,,,,,,4621,4,Over 50%,,,,,,,,,,,,,,,,,,,,,,,,,,
China,CHN,Hunan,CHN_HN,STATE_TOTAL,20230102,,,,,,,,,,,,,,,,,,,,,,,,,,,,,,,,,,,,,,,,,,,,,,,,,,,,,,,,,,,,,,,,,,,,,,,,,,,,,,2.00,1,,,,,,,,0.00,,,,,,,,,,,,,,,,,,,,,,,,,,,,,,,,,,,,,,,4846,4,Over 50%,,,,,,,,,,,,,,,,,,,,,,,,,,
China,CHN,Hunan,CHN_HN,STATE_TOTAL,20230103,,,,,,,,,,,,,,,,,,,,,,,,,,,,,,,,,,,,,,,,,,,,,,,,,,,,,,,,,,,,,,,,,,,,,,,,,,,,,,2.00,1,,,,,,,,0.00,,,,,,,,,,,,,,,,,,,,,,,,,,,,,,,,,,,,,,,5074,4,Over 50%,,,,,,,,,,,,,,,,,,,,,,,,,,
China,CHN,Hunan,CHN_HN,STATE_TOTAL,20230104,,,,,,,,,,,,,,,,,,,,,,,,,,,,,,,,,,,,,,,,,,,,,,,,,,,,,,,,,,,,,,,,,,,,,,,,,,,,,,2.00,1,,,,,,,,0.00,,,,,,,,,,,,,,,,,,,,,,,,,,,,,,,,,,,,,,,5416,4,Over 50%,,,,,,,,,,,,,,,,,,,,,,,,,,
China,CHN,Hunan,CHN_HN,STATE_TOTAL,20230105,,,,,,,,,,,,,,,,,,,,,,,,,,,,,,,,,,,,,,,,,,,,,,,,,,,,,,,,,,,,,,,,,,,,,,,,,,,,,,,,,,,,,,,,,,,,,,,,,,,,,,,,,,,,,,,,,,,,,,,,,,,,,,5853,4,Over 50%,,,,,,,,,,,,,,,,,,,,,,,,,,
China,CHN,Hunan,CHN_HN,STATE_TOTAL,20230106,,,,,,,,,,,,,,,,,,,,,,,,,,,,,,,,,,,,,,,,,,,,,,,,,,,,,,,,,,,,,,,,,,,,,,,,,,,,,,,,,,,,,,,,,,,,,,,,,,,,,,,,,,,,,,,,,,,,,,,,,,,,,,6266,4,Over 50%,,,,,,,,,,,,,,,,,,,,,,,,,,
China,CHN,Hunan,CHN_HN,STATE_TOTAL,20230107,,,,,,,,,,,,,,,,,,,,,,,,,,,,,,,,,,,,,,,,,,,,,,,,,,,,,,,,,,,,,,,,,,,,,,,,,,,,,,,,,,,,,,,,,,,,,,,,,,,,,,,,,,,,,,,,,,,,,,,,,,,,,,6649,4,Over 50%,,,,,,,,,,,,,,,,,,,,,,,,,,
China,CHN,Hunan,CHN_HN,STATE_TOTAL,20230108,,,,,,,,,,,,,,,,,,,,,,,,,,,,,,,,,,,,,,,,,,,,,,,,,,,,,,,,,,,,,,,,,,,,,,,,,,,,,,,,,,,,,,,,,,,,,,,,,,,,,,,,,,,,,,,,,,,,,,,,,,,,,,6865,4,Over 50%,,,,,,,,,,,,,,,,,,,,,,,,,,
China,CHN,Hunan,CHN_HN,STATE_TOTAL,20230109,,,,,,,,,,,,,,,,,,,,,,,,,,,,,,,,,,,,,,,,,,,,,,,,,,,,,,,,,,,,,,,,,,,,,,,,,,,,,,,,,,,,,,,,,,,,,,,,,,,,,,,,,,,,,,,,,,,,,,,,,,,,,,7437,4,Over 50%,,,,,,,,,,,,,,,,,,,,,,,,,,
China,CHN,Hunan,CHN_HN,STATE_TOTAL,20230110,,,,,,,,,,,,,,,,,,,,,,,,,,,,,,,,,,,,,,,,,,,,,,,,,,,,,,,,,,,,,,,,,,,,,,,,,,,,,,,,,,,,,,,,,,,,,,,,,,,,,,,,,,,,,,,,,,,,,,,,,,,,,,,,,,,,,,,,,,,,,,,,,,,,,,,,,,
China,CHN,Hunan,CHN_HN,STATE_TOTAL,20230111,,,,,,,,,,,,,,,,,,,,,,,,,,,,,,,,,,,,,,,,,,,,,,,,,,,,,,,,,,,,,,,,,,,,,,,,,,,,,,,,,,,,,,,,,,,,,,,,,,,,,,,,,,,,,,,,,,,,,,,,,,,,,,,,,,,,,,,,,,,,,,,,,,,,,,,,,,
China,CHN,Jilin,CHN_JL,STATE_TOTAL,20230101,0.00,,,,,,0.00,,,0.00,,,,,,0.00,,,,,,,,,,,,0.00,,,,,,0.00,,,0.00,,,,,,0.00,,,0.00,,,,,,0.00,,,0.00,,,,,,0.00,,,3.00,,,3.00,,0.00,,,0.00,,,,,,2.00,1,,3.00,,0.00,,,,0.00,,2.00,1,,,,,2.00,1,,5.00,1,,2.00,1,,,,,2.00,1,,,,,,,,,,,,,,,,,,40499,5,Over 50%,19.44,19.44,19.44,19.44,19.44,19.44,,,30.73,30.73,30.73,30.73,30.73,30.73,,,35.12,35.12,35.12,35.12,35.12,35.12,,,0.00,0.00
China,CHN,Jilin,CHN_JL,STATE_TOTAL,20230102,0.00,,,,,,0.00,,,0.00,,,,,,0.00,,,,,,,,,,,,0.00,,,,,,0.00,,,0.00,,,,,,0.00,,,0.00,,,,,,0.00,,,0.00,,,,,,0.00,,,3.00,,,3.00,,0.00,,,0.00,,,,,,2.00,1,,3.00,,0.00,,,,0.00,,2.00,1,,,,,2.00,1,,5.00,1,,2.00,1,,,,,2.00,1,,,,,,,,,,,,,,,,,,40529,5,Over 50%,19.44,19.44,19.44,19.44,19.44,19.44,,,30.73,30.73,30.73,30.73,30.73,30.73,,,35.12,35.12,35.12,35.12,35.12,35.12,,,0.00,0.00
China,CHN,Jilin,CHN_JL,STATE_TOTAL,20230103,0.00,,,,,,0.00,,,0.00,,,,,,0.00,,,,,,,,,,,,0.00,,,,,,0.00,,,0.00,,,,,,0.00,,,0.00,,,,,,0.00,,,0.00,,,,,,0.00,,,3.00,,,3.00,,0.00,,,0.00,,,,,,2.00,1,,3.00,,0.00,,,,0.00,,2.00,1,,,,,2.00,1,,5.00,1,,2.00,1,,,,,2.00,1,,,,,,,,,,,,,,,,,,40559,5,Over 50%,19.44,19.44,19.44,19.44,19.44,19.44,,,30.73,30.73,30.73,30.73,30.73,30.73,,,35.12,35.12,35.12,35.12,35.12,35.12,,,0.00,0.00
China,CHN,Jilin,CHN_JL,STATE_TOTAL,20230104,0.00,,,,,,0.00,,,0.00,,,,,,0.00,,,,,,,,,,,,0.00,,,,,,0.00,,,0.00,,,,,,0.00,,,0.00,,,,,,0.00,,,0.00,,,,,,0.00,,,3.00,,,3.00,,0.00,,,0.00,,,,,,2.00,1,,3.00,,0.00,,,,0.00,,2.00,1,,,,,2.00,1,,5.00,1,,2.00,1,,,,,2.00,1,,,,,,,,,,,,,,,,,,40588,5,Over 50%,19.44,19.44,19.44,19.44,19.44,19.44,,,30.73,30.73,30.73,30.73,30.73,30.73,,,35.12,35.12,35.12,35.12,35.12,35.12,,,0.00,0.00
China,CHN,Jilin,CHN_JL,STATE_TOTAL,20230105,,,,,,,,,,,,,,,,,,,,,,,,,,,,,,,,,,,,,,,,,,,,,,,,,,,,,,,,,,,,,,,,,,,,,,,,,,,,,,,,,,,,,,,,,,,,,,,,,,,,,,,,,,,,,,,,,,,,,,,,,,,,,,40646,5,Over 50%,,,,,,,,,,,,,,,,,,,,,,,,,,
China,CHN,Jilin,CHN_JL,STATE_TOTAL,20230106,,,,,,,,,,,,,,,,,,,,,,,,,,,,,,,,,,,,,,,,,,,,,,,,,,,,,,,,,,,,,,,,,,,,,,,,,,,,,,,,,,,,,,,,,,,,,,,,,,,,,,,,,,,,,,,,,,,,,,,,,,,,,,40683,5,Over 50%,,,,,,,,,,,,,,,,,,,,,,,,,,
China,CHN,Jilin,CHN_JL,STATE_TOTAL,20230107,,,,,,,,,,,,,,,,,,,,,,,,,,,,,,,,,,,,,,,,,,,,,,,,,,,,,,,,,,,,,,,,,,,,,,,,,,,,,,,,,,,,,,,,,,,,,,,,,,,,,,,,,,,,,,,,,,,,,,,,,,,,,,40712,5,Over 50%,,,,,,,,,,,,,,,,,,,,,,,,,,
China,CHN,Jilin,CHN_JL,STATE_TOTAL,20230108,,,,,,,,,,,,,,,,,,,,,,,,,,,,,,,,,,,,,,,,,,,,,,,,,,,,,,,,,,,,,,,,,,,,,,,,,,,,,,,,,,,,,,,,,,,,,,,,,,,,,,,,,,,,,,,,,,,,,,,,,,,,,,40747,5,Over 50%,,,,,,,,,,,,,,,,,,,,,,,,,,
China,CHN,Jilin,CHN_JL,STATE_TOTAL,20230109,,,,,,,,,,,,,,,,,,,,,,,,,,,,,,,,,,,,,,,,,,,,,,,,,,,,,,,,,,,,,,,,,,,,,,,,,,,,,,,,,,,,,,,,,,,,,,,,,,,,,,,,,,,,,,,,,,,,,,,,,,,,,,40764,5,Over 50%,,,,,,,,,,,,,,,,,,,,,,,,,,
China,CHN,Jilin,CHN_JL,STATE_TOTAL,20230110,,,,,,,,,,,,,,,,,,,,,,,,,,,,,,,,,,,,,,,,,,,,,,,,,,,,,,,,,,,,,,,,,,,,,,,,,,,,,,,,,,,,,,,,,,,,,,,,,,,,,,,,,,,,,,,,,,,,,,,,,,,,,,,,,,,,,,,,,,,,,,,,,,,,,,,,,,
China,CHN,Jilin,CHN_JL,STATE_TOTAL,20230111,,,,,,,,,,,,,,,,,,,,,,,,,,,,,,,,,,,,,,,,,,,,,,,,,,,,,,,,,,,,,,,,,,,,,,,,,,,,,,,,,,,,,,,,,,,,,,,,,,,,,,,,,,,,,,,,,,,,,,,,,,,,,,,,,,,,,,,,,,,,,,,,,,,,,,,,,,
China,CHN,Jiangsu,CHN_JS,STATE_TOTAL,20230101,2.00,0,,,,,2.00,0,,,,,,,,,,,,,,,,,,,,,,,,,,,,,,,,,,,,,,,,,,,,,,,,,,,,,,,,,,,,,,,,,,,,,,,,,,,,,,,,,,,,,,,,,,,,,,,,,,,,,,,,,,,,,,,,,,,,,,3879,0,Over 50%,,,,,,,,,,,,,,,,,,,,,,,,,,
China,CHN,Jiangsu,CHN_JS,STATE_TOTAL,20230102,2.00,0,,,,,2.00,0,,,,,,,,,,,,,,,,,,,,,,,,,,,,,,,,,,,,,,,,,,,,,,,,,,,,,,,,,,,,,,,,,,,,,,,,,,,,,,,,,,,,,,,,,,,,,,,,,,,,,,,,,,,,,,,,,,,,,,3897,0,Over 50%,,,,,,,,,,,,,,,,,,,,,,,,,,
China,CHN,Jiangsu,CHN_JS,STATE_TOTAL,20230103,2.00,0,,,,,2.00,0,,,,,,,,,,,,,,,,,,,,,,,,,,,,,,,,,,,,,,,,,,,,,,,,,,,,,,,,,,,,,,,,,,,,,,,,,,,,,,,,,,,,,,,,,,,,,,,,,,,,,,,,,,,,,,,,,,,,,,3902,0,Over 50%,,,,,,,,,,,,,,,,,,,,,,,,,,
China,CHN,Jiangsu,CHN_JS,STATE_TOTAL,20230104,2.00,0,,,,,2.00,0,,,,,,,,,,,,,,,,,,,,,,,,,,,,,,,,,,,,,,,,,,,,,,,,,,,,,,,,,,,,,,,,,,,,,,,,,,,,,,,,,,,,,,,,,,,,,,,,,,,,,,,,,,,,,,,,,,,,,,3904,0,Over 50%,,,,,,,,,,,,,,,,,,,,,,,,,,
China,CHN,Jiangsu,CHN_JS,STATE_TOTAL,20230105,,,,,,,,,,,,,,,,,,,,,,,,,,,,,,,,,,,,,,,,,,,,,,,,,,,,,,,,,,,,,,,,,,,,,,,,,,,,,,,,,,,,,,,,,,,,,,,,,,,,,,,,,,,,,,,,,,,,,,,,,,,,,,3931,0,Over 50%,,,,,,,,,,,,,,,,,,,,,,,,,,
China,CHN,Jiangsu,CHN_JS,STATE_TOTAL,20230106,,,,,,,,,,,,,,,,,,,,,,,,,,,,,,,,,,,,,,,,,,,,,,,,,,,,,,,,,,,,,,,,,,,,,,,,,,,,,,,,,,,,,,,,,,,,,,,,,,,,,,,,,,,,,,,,,,,,,,,,,,,,,,3954,0,Over 50%,,,,,,,,,,,,,,,,,,,,,,,,,,
China,CHN,Jiangsu,CHN_JS,STATE_TOTAL,20230107,,,,,,,,,,,,,,,,,,,,,,,,,,,,,,,,,,,,,,,,,,,,,,,,,,,,,,,,,,,,,,,,,,,,,,,,,,,,,,,,,,,,,,,,,,,,,,,,,,,,,,,,,,,,,,,,,,,,,,,,,,,,,,3983,0,Over 50%,,,,,,,,,,,,,,,,,,,,,,,,,,
China,CHN,Jiangsu,CHN_JS,STATE_TOTAL,20230108,,,,,,,,,,,,,,,,,,,,,,,,,,,,,,,,,,,,,,,,,,,,,,,,,,,,,,,,,,,,,,,,,,,,,,,,,,,,,,,,,,,,,,,,,,,,,,,,,,,,,,,,,,,,,,,,,,,,,,,,,,,,,,3984,0,Over 50%,,,,,,,,,,,,,,,,,,,,,,,,,,
China,CHN,Jiangsu,CHN_JS,STATE_TOTAL,20230109,,,,,,,,,,,,,,,,,,,,,,,,,,,,,,,,,,,,,,,,,,,,,,,,,,,,,,,,,,,,,,,,,,,,,,,,,,,,,,,,,,,,,,,,,,,,,,,,,,,,,,,,,,,,,,,,,,,,,,,,,,,,,,5075,0,Over 50%,,,,,,,,,,,,,,,,,,,,,,,,,,
China,CHN,Jiangsu,CHN_JS,STATE_TOTAL,20230110,,,,,,,,,,,,,,,,,,,,,,,,,,,,,,,,,,,,,,,,,,,,,,,,,,,,,,,,,,,,,,,,,,,,,,,,,,,,,,,,,,,,,,,,,,,,,,,,,,,,,,,,,,,,,,,,,,,,,,,,,,,,,,,,,,,,,,,,,,,,,,,,,,,,,,,,,,
China,CHN,Jiangsu,CHN_JS,STATE_TOTAL,20230111,,,,,,,,,,,,,,,,,,,,,,,,,,,,,,,,,,,,,,,,,,,,,,,,,,,,,,,,,,,,,,,,,,,,,,,,,,,,,,,,,,,,,,,,,,,,,,,,,,,,,,,,,,,,,,,,,,,,,,,,,,,,,,,,,,,,,,,,,,,,,,,,,,,,,,,,,,
China,CHN,Jiangxi,CHN_JX,STATE_TOTAL,20230101,,,,,,,,,,,,,,,,,,,,,,,,,,,,,,,,,,,,,,,,,,,,,,,,,,,,,,,,,,,,,,,,,,,,,,,,,,,,,,,,,,,,,,,,,,,,,,,,,,,,,,,,,,,,,,,,,,,,,,,,,,,,,,2468,1,Over 50%,,,,,,,,,,,,,,,,,,,,,,,,,,
China,CHN,Jiangxi,CHN_JX,STATE_TOTAL,20230102,,,,,,,,,,,,,,,,,,,,,,,,,,,,,,,,,,,,,,,,,,,,,,,,,,,,,,,,,,,,,,,,,,,,,,,,,,,,,,,,,,,,,,,,,,,,,,,,,,,,,,,,,,,,,,,,,,,,,,,,,,,,,,2530,1,Over 50%,,,,,,,,,,,,,,,,,,,,,,,,,,
China,CHN,Jiangxi,CHN_JX,STATE_TOTAL,20230103,,,,,,,,,,,,,,,,,,,,,,,,,,,,,,,,,,,,,,,,,,,,,,,,,,,,,,,,,,,,,,,,,,,,,,,,,,,,,,,,,,,,,,,,,,,,,,,,,,,,,,,,,,,,,,,,,,,,,,,,,,,,,,2621,1,Over 50%,,,,,,,,,,,,,,,,,,,,,,,,,,
China,CHN,Jiangxi,CHN_JX,STATE_TOTAL,20230104,,,,,,,,,,,,,,,,,,,,,,,,,,,,,,,,,,,,,,,,,,,,,,,,,,,,,,,,,,,,,,,,,,,,,,,,,,,,,,,,,,,,,,,,,,,,,,,,,,,,,,,,,,,,,,,,,,,,,,,,,,,,,,2754,1,Over 50%,,,,,,,,,,,,,,,,,,,,,,,,,,
China,CHN,Jiangxi,CHN_JX,STATE_TOTAL,20230105,,,,,,,,,,,,,,,,,,,,,,,,,,,,,,,,,,,,,,,,,,,,,,,,,,,,,,,,,,,,,,,,,,,,,,,,,,,,,,,,,,,,,,,,,,,,,,,,,,,,,,,,,,,,,,,,,,,,,,,,,,,,,,2904,1,Over 50%,,,,,,,,,,,,,,,,,,,,,,,,,,
China,CHN,Jiangxi,CHN_JX,STATE_TOTAL,20230106,,,,,,,,,,,,,,,,,,,,,,,,,,,,,,,,,,,,,,,,,,,,,,,,,,,,,,,,,,,,,,,,,,,,,,,,,,,,,,,,,,,,,,,,,,,,,,,,,,,,,,,,,,,,,,,,,,,,,,,,,,,,,,3066,2,Over 50%,,,,,,,,,,,,,,,,,,,,,,,,,,
China,CHN,Jiangxi,CHN_JX,STATE_TOTAL,20230107,,,,,,,,,,,,,,,,,,,,,,,,,,,,,,,,,,,,,,,,,,,,,,,,,,,,,,,,,,,,,,,,,,,,,,,,,,,,,,,,,,,,,,,,,,,,,,,,,,,,,,,,,,,,,,,,,,,,,,,,,,,,,,3243,2,Over 50%,,,,,,,,,,,,,,,,,,,,,,,,,,
China,CHN,Jiangxi,CHN_JX,STATE_TOTAL,20230108,,,,,,,,,,,,,,,,,,,,,,,,,,,,,,,,,,,,,,,,,,,,,,,,,,,,,,,,,,,,,,,,,,,,,,,,,,,,,,,,,,,,,,,,,,,,,,,,,,,,,,,,,,,,,,,,,,,,,,,,,,,,,,3316,2,Over 50%,,,,,,,,,,,,,,,,,,,,,,,,,,
China,CHN,Jiangxi,CHN_JX,STATE_TOTAL,20230109,,,,,,,,,,,,,,,,,,,,,,,,,,,,,,,,,,,,,,,,,,,,,,,,,,,,,,,,,,,,,,,,,,,,,,,,,,,,,,,,,,,,,,,,,,,,,,,,,,,,,,,,,,,,,,,,,,,,,,,,,,,,,,3423,2,Over 50%,,,,,,,,,,,,,,,,,,,,,,,,,,
China,CHN,Jiangxi,CHN_JX,STATE_TOTAL,20230110,,,,,,,,,,,,,,,,,,,,,,,,,,,,,,,,,,,,,,,,,,,,,,,,,,,,,,,,,,,,,,,,,,,,,,,,,,,,,,,,,,,,,,,,,,,,,,,,,,,,,,,,,,,,,,,,,,,,,,,,,,,,,,,,,,,,,,,,,,,,,,,,,,,,,,,,,,
China,CHN,Jiangxi,CHN_JX,STATE_TOTAL,20230111,,,,,,,,,,,,,,,,,,,,,,,,,,,,,,,,,,,,,,,,,,,,,,,,,,,,,,,,,,,,,,,,,,,,,,,,,,,,,,,,,,,,,,,,,,,,,,,,,,,,,,,,,,,,,,,,,,,,,,,,,,,,,,,,,,,,,,,,,,,,,,,,,,,,,,,,,,
China,CHN,Liaoning,CHN_LN,STATE_TOTAL,20230101,2.00,1,,,,,2.00,1,,0.00,,,,,,0.00,,,,,,,,,,,,1.00,0,,,,,1.00,0,,0.00,,,,,,0.00,,,0.00,,,,,,0.00,,,0.00,,,,,,0.00,,,3.00,,,3.00,,0.00,,,0.00,,,,,,2.00,1,,3.00,,1.00,,,,0.00,,2.00,1,,,,,2.00,1,,5.00,1,,2.00,1,,,,,2.00,1,,,,,,,,,,,,,,,,,,3278,2,Over 50%,28.24,28.24,28.24,28.24,28.24,28.24,,,38.80,38.80,38.80,38.80,38.80,38.80,,,44.35,44.35,44.35,44.35,44.35,44.35,,,0.00,0.00
China,CHN,Liaoning,CHN_LN,STATE_TOTAL,20230102,2.00,1,,,,,2.00,1,,0.00,,,,,,0.00,,,,,,,,,,,,1.00,0,,,,,1.00,0,,0.00,,,,,,0.00,,,0.00,,,,,,0.00,,,0.00,,,,,,0.00,,,3.00,,,3.00,,0.00,,,0.00,,,,,,2.00,1,,3.00,,1.00,,,,0.00,,2.00,1,,,,,2.00,1,,5.00,1,,2.00,1,,,,,2.00,1,,,,,,,,,,,,,,,,,,3330,2,Over 50%,28.24,28.24,28.24,28.24,28.24,28.24,,,38.80,38.80,38.80,38.80,38.80,38.80,,,44.35,44.35,44.35,44.35,44.35,44.35,,,0.00,0.00
China,CHN,Liaoning,CHN_LN,STATE_TOTAL,20230103,2.00,1,,,,,2.00,1,,0.00,,,,,,0.00,,,,,,,,,,,,1.00,0,,,,,1.00,0,,0.00,,,,,,0.00,,,0.00,,,,,,0.00,,,0.00,,,,,,0.00,,,3.00,,,3.00,,0.00,,,0.00,,,,,,2.00,1,,3.00,,1.00,,,,0.00,,2.00,1,,,,,2.00,1,,5.00,1,,2.00,1,,,,,2.00,1,,,,,,,,,,,,,,,,,,3367,2,Over 50%,28.24,28.24,28.24,28.24,28.24,28.24,,,38.80,38.80,38.80,38.80,38.80,38.80,,,44.35,44.35,44.35,44.35,44.35,44.35,,,0.00,0.00
China,CHN,Liaoning,CHN_LN,STATE_TOTAL,20230104,2.00,1,,,,,2.00,1,,0.00,,,,,,0.00,,,,,,,,,,,,1.00,0,,,,,1.00,0,,0.00,,,,,,0.00,,,0.00,,,,,,0.00,,,0.00,,,,,,0.00,,,3.00,,,3.00,,0.00,,,0.00,,,,,,2.00,1,,3.00,,1.00,,,,0.00,,2.00,1,,,,,2.00,1,,5.00,1,,2.00,1,,,,,2.00,1,,,,,,,,,,,,,,,,,,3407,2,Over 50%,28.24,28.24,28.24,28.24,28.24,28.24,,,38.80,38.80,38.80,38.80,38.80,38.80,,,44.35,44.35,44.35,44.35,44.35,44.35,,,0.00,0.00
China,CHN,Liaoning,CHN_LN,STATE_TOTAL,20230105,,,,,,,,,,,,,,,,,,,,,,,,,,,,,,,,,,,,,,,,,,,,,,,,,,,,,,,,,,,,,,,,,,,,,,,,,,,,,,,,,,,,,,,,,,,,,,,,,,,,,,,,,,,,,,,,,,,,,,,,,,,,,,3443,2,Over 50%,,,,,,,,,,,,,,,,,,,,,,,,,,
China,CHN,Liaoning,CHN_LN,STATE_TOTAL,20230106,,,,,,,,,,,,,,,,,,,,,,,,,,,,,,,,,,,,,,,,,,,,,,,,,,,,,,,,,,,,,,,,,,,,,,,,,,,,,,,,,,,,,,,,,,,,,,,,,,,,,,,,,,,,,,,,,,,,,,,,,,,,,,3477,2,Over 50%,,,,,,,,,,,,,,,,,,,,,,,,,,
China,CHN,Liaoning,CHN_LN,STATE_TOTAL,20230107,,,,,,,,,,,,,,,,,,,,,,,,,,,,,,,,,,,,,,,,,,,,,,,,,,,,,,,,,,,,,,,,,,,,,,,,,,,,,,,,,,,,,,,,,,,,,,,,,,,,,,,,,,,,,,,,,,,,,,,,,,,,,,3502,2,Over 50%,,,,,,,,,,,,,,,,,,,,,,,,,,
China,CHN,Liaoning,CHN_LN,STATE_TOTAL,20230108,,,,,,,,,,,,,,,,,,,,,,,,,,,,,,,,,,,,,,,,,,,,,,,,,,,,,,,,,,,,,,,,,,,,,,,,,,,,,,,,,,,,,,,,,,,,,,,,,,,,,,,,,,,,,,,,,,,,,,,,,,,,,,3526,2,Over 50%,,,,,,,,,,,,,,,,,,,,,,,,,,
China,CHN,Liaoning,CHN_LN,STATE_TOTAL,20230109,,,,,,,,,,,,,,,,,,,,,,,,,,,,,,,,,,,,,,,,,,,,,,,,,,,,,,,,,,,,,,,,,,,,,,,,,,,,,,,,,,,,,,,,,,,,,,,,,,,,,,,,,,,,,,,,,,,,,,,,,,,,,,3282,83,Over 50%,,,,,,,,,,,,,,,,,,,,,,,,,,
China,CHN,Liaoning,CHN_LN,STATE_TOTAL,20230110,,,,,,,,,,,,,,,,,,,,,,,,,,,,,,,,,,,,,,,,,,,,,,,,,,,,,,,,,,,,,,,,,,,,,,,,,,,,,,,,,,,,,,,,,,,,,,,,,,,,,,,,,,,,,,,,,,,,,,,,,,,,,,,,,,,,,,,,,,,,,,,,,,,,,,,,,,
China,CHN,Liaoning,CHN_LN,STATE_TOTAL,20230111,,,,,,,,,,,,,,,,,,,,,,,,,,,,,,,,,,,,,,,,,,,,,,,,,,,,,,,,,,,,,,,,,,,,,,,,,,,,,,,,,,,,,,,,,,,,,,,,,,,,,,,,,,,,,,,,,,,,,,,,,,,,,,,,,,,,,,,,,,,,,,,,,,,,,,,,,,
China,CHN,Inner Mongolia,CHN_NM,STATE_TOTAL,20230101,2.00,0,,,,,2.00,0,,2.00,0,,,,,2.00,0,,,,,,,,,,,2.00,0,,,,,2.00,0,,0.00,,,,,,0.00,,,0.00,,,,,,0.00,,,2.00,0,,,,,2.00,0,,3.00,,,3.00,,0.00,,,0.00,,,,,,2.00,1,,3.00,,0.00,,,,0.00,,3.00,0,,,,,3.00,0,,5.00,1,,3.00,0,,,,,3.00,0,,,,,,,,,,,,,,,,,,8524,1,Over 50%,43.06,43.06,43.06,43.06,43.06,43.06,,,45.83,45.83,45.83,45.83,45.83,45.83,,,52.38,52.38,52.38,52.38,52.38,52.38,,,0.00,0.00
China,CHN,Inner Mongolia,CHN_NM,STATE_TOTAL,20230102,2.00,0,,,,,2.00,0,,2.00,0,,,,,2.00,0,,,,,,,,,,,2.00,0,,,,,2.00,0,,0.00,,,,,,0.00,,,0.00,,,,,,0.00,,,2.00,0,,,,,2.00,0,,3.00,,,3.00,,0.00,,,0.00,,,,,,2.00,1,,3.00,,0.00,,,,0.00,,3.00,0,,,,,3.00,0,,5.00,1,,3.00,0,,,,,3.00,0,,,,,,,,,,,,,,,,,,8541,1,Over 50%,43.06,43.06,43.06,43.06,43.06,43.06,,,45.83,45.83,45.83,45.83,45.83,45.83,,,52.38,52.38,52.38,52.38,52.38,52.38,,,0.00,0.00
China,CHN,Inner Mongolia,CHN_NM,STATE_TOTAL,20230103,2.00,0,,,,,2.00,0,,2.00,0,,,,,2.00,0,,,,,,,,,,,2.00,0,,,,,2.00,0,,0.00,,,,,,0.00,,,0.00,,,,,,0.00,,,2.00,0,,,,,2.00,0,,3.00,,,3.00,,0.00,,,0.00,,,,,,2.00,1,,3.00,,0.00,,,,0.00,,3.00,0,,,,,3.00,0,,5.00,1,,3.00,0,,,,,3.00,0,,,,,,,,,,,,,,,,,,8564,1,Over 50%,43.06,43.06,43.06,43.06,43.06,43.06,,,45.83,45.83,45.83,45.83,45.83,45.83,,,52.38,52.38,52.38,52.38,52.38,52.38,,,0.00,0.00
China,CHN,Inner Mongolia,CHN_NM,STATE_TOTAL,20230104,2.00,0,,,,,2.00,0,,2.00,0,,,,,2.00,0,,,,,,,,,,,2.00,0,,,,,2.00,0,,0.00,,,,,,0.00,,,0.00,,,,,,0.00,,,2.00,0,,,,,2.00,0,,3.00,,,3.00,,0.00,,,0.00,,,,,,2.00,1,,3.00,,0.00,,,,0.00,,3.00,0,,,,,3.00,0,,5.00,1,,3.00,0,,,,,3.00,0,,,,,,,,,,,,,,,,,,8614,1,Over 50%,43.06,43.06,43.06,43.06,43.06,43.06,,,45.83,45.83,45.83,45.83,45.83,45.83,,,52.38,52.38,52.38,52.38,52.38,52.38,,,0.00,0.00
China,CHN,Inner Mongolia,CHN_NM,STATE_TOTAL,20230105,,,,,,,,,,,,,,,,,,,,,,,,,,,,,,,,,,,,,,,,,,,,,,,,,,,,,,,,,,,,,,,,,,,,,,,,,,,,,,,,,,,,,,,,,,,,,,,,,,,,,,,,,,,,,,,,,,,,,,,,,,,,,,8640,1,Over 50%,,,,,,,,,,,,,,,,,,,,,,,,,,
China,CHN,Inner Mongolia,CHN_NM,STATE_TOTAL,20230106,,,,,,,,,,,,,,,,,,,,,,,,,,,,,,,,,,,,,,,,,,,,,,,,,,,,,,,,,,,,,,,,,,,,,,,,,,,,,,,,,,,,,,,,,,,,,,,,,,,,,,,,,,,,,,,,,,,,,,,,,,,,,,8677,1,Over 50%,,,,,,,,,,,,,,,,,,,,,,,,,,
China,CHN,Inner Mongolia,CHN_NM,STATE_TOTAL,20230107,,,,,,,,,,,,,,,,,,,,,,,,,,,,,,,,,,,,,,,,,,,,,,,,,,,,,,,,,,,,,,,,,,,,,,,,,,,,,,,,,,,,,,,,,,,,,,,,,,,,,,,,,,,,,,,,,,,,,,,,,,,,,,8697,1,Over 50%,,,,,,,,,,,,,,,,,,,,,,,,,,
China,CHN,Inner Mongolia,CHN_NM,STATE_TOTAL,20230108,,,,,,,,,,,,,,,,,,,,,,,,,,,,,,,,,,,,,,,,,,,,,,,,,,,,,,,,,,,,,,,,,,,,,,,,,,,,,,,,,,,,,,,,,,,,,,,,,,,,,,,,,,,,,,,,,,,,,,,,,,,,,,8719,1,Over 50%,,,,,,,,,,,,,,,,,,,,,,,,,,
China,CHN,Inner Mongolia,CHN_NM,STATE_TOTAL,20230109,,,,,,,,,,,,,,,,,,,,,,,,,,,,,,,,,,,,,,,,,,,,,,,,,,,,,,,,,,,,,,,,,,,,,,,,,,,,,,,,,,,,,,,,,,,,,,,,,,,,,,,,,,,,,,,,,,,,,,,,,,,,,,8847,1,Over 50%,,,,,,,,,,,,,,,,,,,,,,,,,,
China,CHN,Inner Mongolia,CHN_NM,STATE_TOTAL,20230110,,,,,,,,,,,,,,,,,,,,,,,,,,,,,,,,,,,,,,,,,,,,,,,,,,,,,,,,,,,,,,,,,,,,,,,,,,,,,,,,,,,,,,,,,,,,,,,,,,,,,,,,,,,,,,,,,,,,,,,,,,,,,,,,,,,,,,,,,,,,,,,,,,,,,,,,,,
China,CHN,Inner Mongolia,CHN_NM,STATE_TOTAL,20230111,,,,,,,,,,,,,,,,,,,,,,,,,,,,,,,,,,,,,,,,,,,,,,,,,,,,,,,,,,,,,,,,,,,,,,,,,,,,,,,,,,,,,,,,,,,,,,,,,,,,,,,,,,,,,,,,,,,,,,,,,,,,,,,,,,,,,,,,,,,,,,,,,,,,,,,,,,
China,CHN,Ningxia,CHN_NX,STATE_TOTAL,20230101,1.00,0,,,,,1.00,0,,1.00,0,,,,,1.00,0,,,,,,,,,,,3.00,0,,,,,3.00,0,,1.00,0,,,,,1.00,0,,1.00,0,,,,,1.00,0,,1.00,0,,,,,1.00,0,,3.00,,,3.00,,0.00,,,1.00,,,,,,2.00,1,,3.00,,2.00,,,,,,2.00,1,,,,,2.00,1,,5.00,1,,2.00,1,,,,,2.00,1,,,,,,,,,,,,,,,,,,474,0,Over 50%,37.50,37.50,37.50,37.50,37.50,37.50,,,50.26,50.26,50.26,50.26,50.26,50.26,,,53.87,53.87,53.87,53.87,53.87,53.87,,,25.00,25.00
China,CHN,Ningxia,CHN_NX,STATE_TOTAL,20230102,1.00,0,,,,,1.00,0,,1.00,0,,,,,1.00,0,,,,,,,,,,,3.00,0,,,,,3.00,0,,1.00,0,,,,,1.00,0,,1.00,0,,,,,1.00,0,,1.00,0,,,,,1.00,0,,3.00,,,3.00,,0.00,,,1.00,,,,,,2.00,1,,3.00,,2.00,,,,,,2.00,1,,,,,2.00,1,,5.00,1,,2.00,1,,,,,2.00,1,,,,,,,,,,,,,,,,,,554,0,Over 50%,37.50,37.50,37.50,37.50,37.50,37.50,,,50.26,50.26,50.26,50.26,50.26,50.26,,,53.87,53.87,53.87,53.87,53.87,53.87,,,25.00,25.00
China,CHN,Ningxia,CHN_NX,STATE_TOTAL,20230103,1.00,0,,,,,1.00,0,,1.00,0,,,,,1.00,0,,,,,,,,,,,3.00,0,,,,,3.00,0,,1.00,0,,,,,1.00,0,,1.00,0,,,,,1.00,0,,1.00,0,,,,,1.00,0,,3.00,,,3.00,,0.00,,,1.00,,,,,,2.00,1,,3.00,,2.00,,,,,,2.00,1,,,,,2.00,1,,5.00,1,,2.00,1,,,,,2.00,1,,,,,,,,,,,,,,,,,,617,0,Over 50%,37.50,37.50,37.50,37.50,37.50,37.50,,,50.26,50.26,50.26,50.26,50.26,50.26,,,53.87,53.87,53.87,53.87,53.87,53.87,,,25.00,25.00
China,CHN,Ningxia,CHN_NX,STATE_TOTAL,20230104,1.00,0,,,,,1.00,0,,1.00,0,,,,,1.00,0,,,,,,,,,,,3.00,0,,,,,3.00,0,,1.00,0,,,,,1.00,0,,1.00,0,,,,,1.00,0,,1.00,0,,,,,1.00,0,,3.00,,,3.00,,0.00,,,1.00,,,,,,2.00,1,,3.00,,2.00,,,,,,2.00,1,,,,,2.00,1,,5.00,1,,2.00,1,,,,,2.00,1,,,,,,,,,,,,,,,,,,719,0,Over 50%,37.50,37.50,37.50,37.50,37.50,37.50,,,50.26,50.26,50.26,50.26,50.26,50.26,,,53.87,53.87,53.87,53.87,53.87,53.87,,,25.00,25.00
China,CHN,Ningxia,CHN_NX,STATE_TOTAL,20230105,,,,,,,,,,,,,,,,,,,,,,,,,,,,,,,,,,,,,,,,,,,,,,,,,,,,,,,,,,,,,,,,,,,,,,,,,,,,,,,,,,,,,,,,,,,,,,,,,,,,,,,,,,,,,,,,,,,,,,,,,,,,,,793,0,Over 50%,,,,,,,,,,,,,,,,,,,,,,,,,,
China,CHN,Ningxia,CHN_NX,STATE_TOTAL,20230106,,,,,,,,,,,,,,,,,,,,,,,,,,,,,,,,,,,,,,,,,,,,,,,,,,,,,,,,,,,,,,,,,,,,,,,,,,,,,,,,,,,,,,,,,,,,,,,,,,,,,,,,,,,,,,,,,,,,,,,,,,,,,,918,0,Over 50%,,,,,,,,,,,,,,,,,,,,,,,,,,
China,CHN,Ningxia,CHN_NX,STATE_TOTAL,20230107,,,,,,,,,,,,,,,,,,,,,,,,,,,,,,,,,,,,,,,,,,,,,,,,,,,,,,,,,,,,,,,,,,,,,,,,,,,,,,,,,,,,,,,,,,,,,,,,,,,,,,,,,,,,,,,,,,,,,,,,,,,,,,1098,0,Over 50%,,,,,,,,,,,,,,,,,,,,,,,,,,
China,CHN,Ningxia,CHN_NX,STATE_TOTAL,20230108,,,,,,,,,,,,,,,,,,,,,,,,,,,,,,,,,,,,,,,,,,,,,,,,,,,,,,,,,,,,,,,,,,,,,,,,,,,,,,,,,,,,,,,,,,,,,,,,,,,,,,,,,,,,,,,,,,,,,,,,,,,,,,1227,0,Over 50%,,,,,,,,,,,,,,,,,,,,,,,,,,
China,CHN,Ningxia,CHN_NX,STATE_TOTAL,20230109,,,,,,,,,,,,,,,,,,,,,,,,,,,,,,,,,,,,,,,,,,,,,,,,,,,,,,,,,,,,,,,,,,,,,,,,,,,,,,,,,,,,,,,,,,,,,,,,,,,,,,,,,,,,,,,,,,,,,,,,,,,,,,1276,0,Over 50%,,,,,,,,,,,,,,,,,,,,,,,,,,
China,CHN,Ningxia,CHN_NX,STATE_TOTAL,20230110,,,,,,,,,,,,,,,,,,,,,,,,,,,,,,,,,,,,,,,,,,,,,,,,,,,,,,,,,,,,,,,,,,,,,,,,,,,,,,,,,,,,,,,,,,,,,,,,,,,,,,,,,,,,,,,,,,,,,,,,,,,,,,,,,,,,,,,,,,,,,,,,,,,,,,,,,,
China,CHN,Ningxia,CHN_NX,STATE_TOTAL,20230111,,,,,,,,,,,,,,,,,,,,,,,,,,,,,,,,,,,,,,,,,,,,,,,,,,,,,,,,,,,,,,,,,,,,,,,,,,,,,,,,,,,,,,,,,,,,,,,,,,,,,,,,,,,,,,,,,,,,,,,,,,,,,,,,,,,,,,,,,,,,,,,,,,,,,,,,,,
China,CHN,Qinghai,CHN_QH,STATE_TOTAL,20230101,,,,,,,,,,,,,,,,,,,,,,,,,,,,,,,,,,,,,,,,,,,,,,,,,,,,,,,,,,,,,,,,,,,,,,,,,,,,,,,,,,,,,,,,,,,,,,,,,,,,,,,,,,,,,,,,,,,,,,,,,,,,,,582,0,Over 50%,,,,,,,,,,,,,,,,,,,,,,,,,,
China,CHN,Qinghai,CHN_QH,STATE_TOTAL,20230102,,,,,,,,,,,,,,,,,,,,,,,,,,,,,,,,,,,,,,,,,,,,,,,,,,,,,,,,,,,,,,,,,,,,,,,,,,,,,,,,,,,,,,,,,,,,,,,,,,,,,,,,,,,,,,,,,,,,,,,,,,,,,,582,0,Over 50%,,,,,,,,,,,,,,,,,,,,,,,,,,
China,CHN,Qinghai,CHN_QH,STATE_TOTAL,20230103,,,,,,,,,,,,,,,,,,,,,,,,,,,,,,,,,,,,,,,,,,,,,,,,,,,,,,,,,,,,,,,,,,,,,,,,,,,,,,,,,,,,,,,,,,,,,,,,,,,,,,,,,,,,,,,,,,,,,,,,,,,,,,655,0,Over 50%,,,,,,,,,,,,,,,,,,,,,,,,,,
China,CHN,Qinghai,CHN_QH,STATE_TOTAL,20230104,,,,,,,,,,,,,,,,,,,,,,,,,,,,,,,,,,,,,,,,,,,,,,,,,,,,,,,,,,,,,,,,,,,,,,,,,,,,,,,,,,,,,,,,,,,,,,,,,,,,,,,,,,,,,,,,,,,,,,,,,,,,,,655,0,Over 50%,,,,,,,,,,,,,,,,,,,,,,,,,,
China,CHN,Qinghai,CHN_QH,STATE_TOTAL,20230105,,,,,,,,,,,,,,,,,,,,,,,,,,,,,,,,,,,,,,,,,,,,,,,,,,,,,,,,,,,,,,,,,,,,,,,,,,,,,,,,,,,,,,,,,,,,,,,,,,,,,,,,,,,,,,,,,,,,,,,,,,,,,,655,0,Over 50%,,,,,,,,,,,,,,,,,,,,,,,,,,
China,CHN,Qinghai,CHN_QH,STATE_TOTAL,20230106,,,,,,,,,,,,,,,,,,,,,,,,,,,,,,,,,,,,,,,,,,,,,,,,,,,,,,,,,,,,,,,,,,,,,,,,,,,,,,,,,,,,,,,,,,,,,,,,,,,,,,,,,,,,,,,,,,,,,,,,,,,,,,655,0,Over 50%,,,,,,,,,,,,,,,,,,,,,,,,,,
China,CHN,Qinghai,CHN_QH,STATE_TOTAL,20230107,,,,,,,,,,,,,,,,,,,,,,,,,,,,,,,,,,,,,,,,,,,,,,,,,,,,,,,,,,,,,,,,,,,,,,,,,,,,,,,,,,,,,,,,,,,,,,,,,,,,,,,,,,,,,,,,,,,,,,,,,,,,,,655,0,Over 50%,,,,,,,,,,,,,,,,,,,,,,,,,,
China,CHN,Qinghai,CHN_QH,STATE_TOTAL,20230108,,,,,,,,,,,,,,,,,,,,,,,,,,,,,,,,,,,,,,,,,,,,,,,,,,,,,,,,,,,,,,,,,,,,,,,,,,,,,,,,,,,,,,,,,,,,,,,,,,,,,,,,,,,,,,,,,,,,,,,,,,,,,,773,0,Over 50%,,,,,,,,,,,,,,,,,,,,,,,,,,
China,CHN,Qinghai,CHN_QH,STATE_TOTAL,20230109,,,,,,,,,,,,,,,,,,,,,,,,,,,,,,,,,,,,,,,,,,,,,,,,,,,,,,,,,,,,,,,,,,,,,,,,,,,,,,,,,,,,,,,,,,,,,,,,,,,,,,,,,,,,,,,,,,,,,,,,,,,,,,782,0,Over 50%,,,,,,,,,,,,,,,,,,,,,,,,,,
China,CHN,Qinghai,CHN_QH,STATE_TOTAL,20230110,,,,,,,,,,,,,,,,,,,,,,,,,,,,,,,,,,,,,,,,,,,,,,,,,,,,,,,,,,,,,,,,,,,,,,,,,,,,,,,,,,,,,,,,,,,,,,,,,,,,,,,,,,,,,,,,,,,,,,,,,,,,,,,,,,,,,,,,,,,,,,,,,,,,,,,,,,
China,CHN,Qinghai,CHN_QH,STATE_TOTAL,20230111,,,,,,,,,,,,,,,,,,,,,,,,,,,,,,,,,,,,,,,,,,,,,,,,,,,,,,,,,,,,,,,,,,,,,,,,,,,,,,,,,,,,,,,,,,,,,,,,,,,,,,,,,,,,,,,,,,,,,,,,,,,,,,,,,,,,,,,,,,,,,,,,,,,,,,,,,,
China,CHN,Sichuan,CHN_SC,STATE_TOTAL,20230101,3.00,0,,,,,3.00,0,,1.00,1,,,,,1.00,1,,,,,,,,,,,0.00,,,,,,0.00,,,0.00,,,,,,0.00,,,0.00,,,,,,0.00,,,0.00,,,,,,0.00,,,3.00,,,3.00,,0.00,,,0.00,,,,,,2.00,1,,3.00,,2.00,,,,0.00,,2.00,1,,,,,2.00,1,,4.00,1,,3.00,1,,,,,3.00,1,,,,,,,,,,,,,,,,,,13212,7,Over 50%,32.41,32.41,32.41,32.41,32.41,32.41,,,45.10,45.10,45.10,45.10,45.10,45.10,,,51.55,51.55,51.55,51.55,51.55,51.55,,,0.00,0.00
China,CHN,Sichuan,CHN_SC,STATE_TOTAL,20230102,3.00,0,,,,,3.00,0,,1.00,1,,,,,1.00,1,,,,,,,,,,,0.00,,,,,,0.00,,,0.00,,,,,,0.00,,,0.00,,,,,,0.00,,,0.00,,,,,,0.00,,,3.00,,,3.00,,0.00,,,0.00,,,,,,2.00,1,,3.00,,2.00,,,,0.00,,2.00,1,,,,,2.00,1,,4.00,1,,3.00,1,,,,,3.00,1,,,,,,,,,,,,,,,,,,13337,8,Over 50%,32.41,32.41,32.41,32.41,32.41,32.41,,,45.10,45.10,45.10,45.10,45.10,45.10,,,51.55,51.55,51.55,51.55,51.55,51.55,,,0.00,0.00
China,CHN,Sichuan,CHN_SC,STATE_TOTAL,20230103,3.00,0,,,,,3.00,0,,1.00,1,,,,,1.00,1,,,,,,,,,,,0.00,,,,,,0.00,,,0.00,,,,,,0.00,,,0.00,,,,,,0.00,,,0.00,,,,,,0.00,,,3.00,,,3.00,,0.00,,,0.00,,,,,,2.00,1,,3.00,,2.00,,,,0.00,,2.00,1,,,,,2.00,1,,4.00,1,,3.00,1,,,,,3.00,1,,,,,,,,,,,,,,,,,,13430,10,Over 50%,32.41,32.41,32.41,32.41,32.41,32.41,,,45.10,45.10,45.10,45.10,45.10,45.10,,,51.55,51.55,51.55,51.55,51.55,51.55,,,0.00,0.00
China,CHN,Sichuan,CHN_SC,STATE_TOTAL,20230104,3.00,0,,,,,3.00,0,,1.00,1,,,,,1.00,1,,,,,,,,,,,0.00,,,,,,0.00,,,0.00,,,,,,0.00,,,0.00,,,,,,0.00,,,0.00,,,,,,0.00,,,3.00,,,3.00,,0.00,,,0.00,,,,,,2.00,1,,3.00,,2.00,,,,0.00,,2.00,1,,,,,2.00,1,,4.00,1,,3.00,1,,,,,3.00,1,,,,,,,,,,,,,,,,,,13634,11,Over 50%,32.41,32.41,32.41,32.41,32.41,32.41,,,45.10,45.10,45.10,45.10,45.10,45.10,,,51.55,51.55,51.55,51.55,51.55,51.55,,,0.00,0.00
China,CHN,Sichuan,CHN_SC,STATE_TOTAL,20230105,,,,,,,,,,,,,,,,,,,,,,,,,,,,,,,,,,,,,,,,,,,,,,,,,,,,,,,,,,,,,,,,,,,,,,,,,,,,,,,,,,,,,,,,,,,,,,,,,,,,,,,,,,,,,,,,,,,,,,,,,,,,,,13758,11,Over 50%,,,,,,,,,,,,,,,,,,,,,,,,,,
China,CHN,Sichuan,CHN_SC,STATE_TOTAL,20230106,,,,,,,,,,,,,,,,,,,,,,,,,,,,,,,,,,,,,,,,,,,,,,,,,,,,,,,,,,,,,,,,,,,,,,,,,,,,,,,,,,,,,,,,,,,,,,,,,,,,,,,,,,,,,,,,,,,,,,,,,,,,,,13943,12,Over 50%,,,,,,,,,,,,,,,,,,,,,,,,,,
China,CHN,Sichuan,CHN_SC,STATE_TOTAL,20230107,,,,,,,,,,,,,,,,,,,,,,,,,,,,,,,,,,,,,,,,,,,,,,,,,,,,,,,,,,,,,,,,,,,,,,,,,,,,,,,,,,,,,,,,,,,,,,,,,,,,,,,,,,,,,,,,,,,,,,,,,,,,,,14113,12,Over 50%,,,,,,,,,,,,,,,,,,,,,,,,,,
China,CHN,Sichuan,CHN_SC,STATE_TOTAL,20230108,,,,,,,,,,,,,,,,,,,,,,,,,,,,,,,,,,,,,,,,,,,,,,,,,,,,,,,,,,,,,,,,,,,,,,,,,,,,,,,,,,,,,,,,,,,,,,,,,,,,,,,,,,,,,,,,,,,,,,,,,,,,,,14191,12,Over 50%,,,,,,,,,,,,,,,,,,,,,,,,,,
China,CHN,Sichuan,CHN_SC,STATE_TOTAL,20230109,,,,,,,,,,,,,,,,,,,,,,,,,,,,,,,,,,,,,,,,,,,,,,,,,,,,,,,,,,,,,,,,,,,,,,,,,,,,,,,,,,,,,,,,,,,,,,,,,,,,,,,,,,,,,,,,,,,,,,,,,,,,,,14567,12,Over 50%,,,,,,,,,,,,,,,,,,,,,,,,,,
China,CHN,Sichuan,CHN_SC,STATE_TOTAL,20230110,,,,,,,,,,,,,,,,,,,,,,,,,,,,,,,,,,,,,,,,,,,,,,,,,,,,,,,,,,,,,,,,,,,,,,,,,,,,,,,,,,,,,,,,,,,,,,,,,,,,,,,,,,,,,,,,,,,,,,,,,,,,,,,,,,,,,,,,,,,,,,,,,,,,,,,,,,
China,CHN,Sichuan,CHN_SC,STATE_TOTAL,20230111,,,,,,,,,,,,,,,,,,,,,,,,,,,,,,,,,,,,,,,,,,,,,,,,,,,,,,,,,,,,,,,,,,,,,,,,,,,,,,,,,,,,,,,,,,,,,,,,,,,,,,,,,,,,,,,,,,,,,,,,,,,,,,,,,,,,,,,,,,,,,,,,,,,,,,,,,,
China,CHN,Shandong,CHN_SD,STATE_TOTAL,20230101,,,,,,,,,,,,,,,,,,,,,,,,,,,,,,,,,,,,,,,,,,,,,,,,,,,,,,,,,,,,,,,,,,,,,,,,,,,,,,,,,,,,,,,,,,,,,,,,,,,,,,,,,,,,,,,,,,,,,,,,,,,,,,5020,8,Over 50%,,,,,,,,,,,,,,,,,,,,,,,,,,
China,CHN,Shandong,CHN_SD,STATE_TOTAL,20230102,,,,,,,,,,,,,,,,,,,,,,,,,,,,,,,,,,,,,,,,,,,,,,,,,,,,,,,,,,,,,,,,,,,,,,,,,,,,,,,,,,,,,,,,,,,,,,,,,,,,,,,,,,,,,,,,,,,,,,,,,,,,,,5035,8,Over 50%,,,,,,,,,,,,,,,,,,,,,,,,,,
China,CHN,Shandong,CHN_SD,STATE_TOTAL,20230103,,,,,,,,,,,,,,,,,,,,,,,,,,,,,,,,,,,,,,,,,,,,,,,,,,,,,,,,,,,,,,,,,,,,,,,,,,,,,,,,,,,,,,,,,,,,,,,,,,,,,,,,,,,,,,,,,,,,,,,,,,,,,,5042,8,Over 50%,,,,,,,,,,,,,,,,,,,,,,,,,,
China,CHN,Shandong,CHN_SD,STATE_TOTAL,20230104,,,,,,,,,,,,,,,,,,,,,,,,,,,,,,,,,,,,,,,,,,,,,,,,,,,,,,,,,,,,,,,,,,,,,,,,,,,,,,,,,,,,,,,,,,,,,,,,,,,,,,,,,,,,,,,,,,,,,,,,,,,,,,5108,9,Over 50%,,,,,,,,,,,,,,,,,,,,,,,,,,
China,CHN,Shandong,CHN_SD,STATE_TOTAL,20230105,,,,,,,,,,,,,,,,,,,,,,,,,,,,,,,,,,,,,,,,,,,,,,,,,,,,,,,,,,,,,,,,,,,,,,,,,,,,,,,,,,,,,,,,,,,,,,,,,,,,,,,,,,,,,,,,,,,,,,,,,,,,,,5171,9,Over 50%,,,,,,,,,,,,,,,,,,,,,,,,,,
China,CHN,Shandong,CHN_SD,STATE_TOTAL,20230106,,,,,,,,,,,,,,,,,,,,,,,,,,,,,,,,,,,,,,,,,,,,,,,,,,,,,,,,,,,,,,,,,,,,,,,,,,,,,,,,,,,,,,,,,,,,,,,,,,,,,,,,,,,,,,,,,,,,,,,,,,,,,,5255,10,Over 50%,,,,,,,,,,,,,,,,,,,,,,,,,,
China,CHN,Shandong,CHN_SD,STATE_TOTAL,20230107,,,,,,,,,,,,,,,,,,,,,,,,,,,,,,,,,,,,,,,,,,,,,,,,,,,,,,,,,,,,,,,,,,,,,,,,,,,,,,,,,,,,,,,,,,,,,,,,,,,,,,,,,,,,,,,,,,,,,,,,,,,,,,5333,10,Over 50%,,,,,,,,,,,,,,,,,,,,,,,,,,
China,CHN,Shandong,CHN_SD,STATE_TOTAL,20230108,,,,,,,,,,,,,,,,,,,,,,,,,,,,,,,,,,,,,,,,,,,,,,,,,,,,,,,,,,,,,,,,,,,,,,,,,,,,,,,,,,,,,,,,,,,,,,,,,,,,,,,,,,,,,,,,,,,,,,,,,,,,,,5439,10,Over 50%,,,,,,,,,,,,,,,,,,,,,,,,,,
China,CHN,Shandong,CHN_SD,STATE_TOTAL,20230109,,,,,,,,,,,,,,,,,,,,,,,,,,,,,,,,,,,,,,,,,,,,,,,,,,,,,,,,,,,,,,,,,,,,,,,,,,,,,,,,,,,,,,,,,,,,,,,,,,,,,,,,,,,,,,,,,,,,,,,,,,,,,,5880,10,Over 50%,,,,,,,,,,,,,,,,,,,,,,,,,,
China,CHN,Shandong,CHN_SD,STATE_TOTAL,20230110,,,,,,,,,,,,,,,,,,,,,,,,,,,,,,,,,,,,,,,,,,,,,,,,,,,,,,,,,,,,,,,,,,,,,,,,,,,,,,,,,,,,,,,,,,,,,,,,,,,,,,,,,,,,,,,,,,,,,,,,,,,,,,,,,,,,,,,,,,,,,,,,,,,,,,,,,,
China,CHN,Shandong,CHN_SD,STATE_TOTAL,20230111,,,,,,,,,,,,,,,,,,,,,,,,,,,,,,,,,,,,,,,,,,,,,,,,,,,,,,,,,,,,,,,,,,,,,,,,,,,,,,,,,,,,,,,,,,,,,,,,,,,,,,,,,,,,,,,,,,,,,,,,,,,,,,,,,,,,,,,,,,,,,,,,,,,,,,,,,,
China,CHN,Shanghai,CHN_SH,STATE_TOTAL,20230101,,,,,,,,,,,,,,,,,,,,,,,,,,,,,,,,,,,,,,,,,,,,,,,,,,,,,,,,,,,,,,,,,,,,,,,,,,,,,,,,,,,,,,,,,,,,,,,,,,,,,,,,,,,,,,,,,,,,,,,,,,,,,,66144,595,Over 50%,,,,,,,,,,,,,,,,,,,,,,,,,,
China,CHN,Shanghai,CHN_SH,STATE_TOTAL,20230102,,,,,,,,,,,,,,,,,,,,,,,,,,,,,,,,,,,,,,,,,,,,,,,,,,,,,,,,,,,,,,,,,,,,,,,,,,,,,,,,,,,,,,,,,,,,,,,,,,,,,,,,,,,,,,,,,,,,,,,,,,,,,,66213,595,Over 50%,,,,,,,,,,,,,,,,,,,,,,,,,,
China,CHN,Shanghai,CHN_SH,STATE_TOTAL,20230103,,,,,,,,,,,,,,,,,,,,,,,,,,,,,,,,,,,,,,,,,,,,,,,,,,,,,,,,,,,,,,,,,,,,,,,,,,,,,,,,,,,,,,,,,,,,,,,,,,,,,,,,,,,,,,,,,,,,,,,,,,,,,,66247,595,Over 50%,,,,,,,,,,,,,,,,,,,,,,,,,,
China,CHN,Shanghai,CHN_SH,STATE_TOTAL,20230104,,,,,,,,,,,,,,,,,,,,,,,,,,,,,,,,,,,,,,,,,,,,,,,,,,,,,,,,,,,,,,,,,,,,,,,,,,,,,,,,,,,,,,,,,,,,,,,,,,,,,,,,,,,,,,,,,,,,,,,,,,,,,,66374,595,Over 50%,,,,,,,,,,,,,,,,,,,,,,,,,,
China,CHN,Shanghai,CHN_SH,STATE_TOTAL,20230105,,,,,,,,,,,,,,,,,,,,,,,,,,,,,,,,,,,,,,,,,,,,,,,,,,,,,,,,,,,,,,,,,,,,,,,,,,,,,,,,,,,,,,,,,,,,,,,,,,,,,,,,,,,,,,,,,,,,,,,,,,,,,,66884,595,Over 50%,,,,,,,,,,,,,,,,,,,,,,,,,,
China,CHN,Shanghai,CHN_SH,STATE_TOTAL,20230106,,,,,,,,,,,,,,,,,,,,,,,,,,,,,,,,,,,,,,,,,,,,,,,,,,,,,,,,,,,,,,,,,,,,,,,,,,,,,,,,,,,,,,,,,,,,,,,,,,,,,,,,,,,,,,,,,,,,,,,,,,,,,,67009,595,Over 50%,,,,,,,,,,,,,,,,,,,,,,,,,,
China,CHN,Shanghai,CHN_SH,STATE_TOTAL,20230107,,,,,,,,,,,,,,,,,,,,,,,,,,,,,,,,,,,,,,,,,,,,,,,,,,,,,,,,,,,,,,,,,,,,,,,,,,,,,,,,,,,,,,,,,,,,,,,,,,,,,,,,,,,,,,,,,,,,,,,,,,,,,,67022,595,Over 50%,,,,,,,,,,,,,,,,,,,,,,,,,,
China,CHN,Shanghai,CHN_SH,STATE_TOTAL,20230108,,,,,,,,,,,,,,,,,,,,,,,,,,,,,,,,,,,,,,,,,,,,,,,,,,,,,,,,,,,,,,,,,,,,,,,,,,,,,,,,,,,,,,,,,,,,,,,,,,,,,,,,,,,,,,,,,,,,,,,,,,,,,,67030,595,Over 50%,,,,,,,,,,,,,,,,,,,,,,,,,,
China,CHN,Shanghai,CHN_SH,STATE_TOTAL,20230109,,,,,,,,,,,,,,,,,,,,,,,,,,,,,,,,,,,,,,,,,,,,,,,,,,,,,,,,,,,,,,,,,,,,,,,,,,,,,,,,,,,,,,,,,,,,,,,,,,,,,,,,,,,,,,,,,,,,,,,,,,,,,,67040,595,Over 50%,,,,,,,,,,,,,,,,,,,,,,,,,,
China,CHN,Shanghai,CHN_SH,STATE_TOTAL,20230110,,,,,,,,,,,,,,,,,,,,,,,,,,,,,,,,,,,,,,,,,,,,,,,,,,,,,,,,,,,,,,,,,,,,,,,,,,,,,,,,,,,,,,,,,,,,,,,,,,,,,,,,,,,,,,,,,,,,,,,,,,,,,,,,,,,,,,,,,,,,,,,,,,,,,,,,,,
China,CHN,Shanghai,CHN_SH,STATE_TOTAL,20230111,,,,,,,,,,,,,,,,,,,,,,,,,,,,,,,,,,,,,,,,,,,,,,,,,,,,,,,,,,,,,,,,,,,,,,,,,,,,,,,,,,,,,,,,,,,,,,,,,,,,,,,,,,,,,,,,,,,,,,,,,,,,,,,,,,,,,,,,,,,,,,,,,,,,,,,,,,
China,CHN,Shaanxi,CHN_SN,STATE_TOTAL,20230101,,,,,,,,,,,,,,,,,,,,,,,,,,,,,,,,,,,,,,,,,,,,,,,,,,,,,,,,,,,,,,,,,,,,,,,,,,,,,,,,,,,,,,,,,,,,,,,,,,,,,,,,,,,,,,,,,,,,,,,,,,,,,,6120,5,Over 50%,,,,,,,,,,,,,,,,,,,,,,,,,,
China,CHN,Shaanxi,CHN_SN,STATE_TOTAL,20230102,,,,,,,,,,,,,,,,,,,,,,,,,,,,,,,,,,,,,,,,,,,,,,,,,,,,,,,,,,,,,,,,,,,,,,,,,,,,,,,,,,,,,,,,,,,,,,,,,,,,,,,,,,,,,,,,,,,,,,,,,,,,,,6292,5,Over 50%,,,,,,,,,,,,,,,,,,,,,,,,,,
China,CHN,Shaanxi,CHN_SN,STATE_TOTAL,20230103,,,,,,,,,,,,,,,,,,,,,,,,,,,,,,,,,,,,,,,,,,,,,,,,,,,,,,,,,,,,,,,,,,,,,,,,,,,,,,,,,,,,,,,,,,,,,,,,,,,,,,,,,,,,,,,,,,,,,,,,,,,,,,6467,5,Over 50%,,,,,,,,,,,,,,,,,,,,,,,,,,
China,CHN,Shaanxi,CHN_SN,STATE_TOTAL,20230104,,,,,,,,,,,,,,,,,,,,,,,,,,,,,,,,,,,,,,,,,,,,,,,,,,,,,,,,,,,,,,,,,,,,,,,,,,,,,,,,,,,,,,,,,,,,,,,,,,,,,,,,,,,,,,,,,,,,,,,,,,,,,,6611,5,Over 50%,,,,,,,,,,,,,,,,,,,,,,,,,,
China,CHN,Shaanxi,CHN_SN,STATE_TOTAL,20230105,,,,,,,,,,,,,,,,,,,,,,,,,,,,,,,,,,,,,,,,,,,,,,,,,,,,,,,,,,,,,,,,,,,,,,,,,,,,,,,,,,,,,,,,,,,,,,,,,,,,,,,,,,,,,,,,,,,,,,,,,,,,,,6733,5,Over 50%,,,,,,,,,,,,,,,,,,,,,,,,,,
China,CHN,Shaanxi,CHN_SN,STATE_TOTAL,20230106,,,,,,,,,,,,,,,,,,,,,,,,,,,,,,,,,,,,,,,,,,,,,,,,,,,,,,,,,,,,,,,,,,,,,,,,,,,,,,,,,,,,,,,,,,,,,,,,,,,,,,,,,,,,,,,,,,,,,,,,,,,,,,6865,5,Over 50%,,,,,,,,,,,,,,,,,,,,,,,,,,
China,CHN,Shaanxi,CHN_SN,STATE_TOTAL,20230107,,,,,,,,,,,,,,,,,,,,,,,,,,,,,,,,,,,,,,,,,,,,,,,,,,,,,,,,,,,,,,,,,,,,,,,,,,,,,,,,,,,,,,,,,,,,,,,,,,,,,,,,,,,,,,,,,,,,,,,,,,,,,,6985,5,Over 50%,,,,,,,,,,,,,,,,,,,,,,,,,,
China,CHN,Shaanxi,CHN_SN,STATE_TOTAL,20230108,,,,,,,,,,,,,,,,,,,,,,,,,,,,,,,,,,,,,,,,,,,,,,,,,,,,,,,,,,,,,,,,,,,,,,,,,,,,,,,,,,,,,,,,,,,,,,,,,,,,,,,,,,,,,,,,,,,,,,,,,,,,,,7068,5,Over 50%,,,,,,,,,,,,,,,,,,,,,,,,,,
China,CHN,Shaanxi,CHN_SN,STATE_TOTAL,20230109,,,,,,,,,,,,,,,,,,,,,,,,,,,,,,,,,,,,,,,,,,,,,,,,,,,,,,,,,,,,,,,,,,,,,,,,,,,,,,,,,,,,,,,,,,,,,,,,,,,,,,,,,,,,,,,,,,,,,,,,,,,,,,7326,5,Over 50%,,,,,,,,,,,,,,,,,,,,,,,,,,
China,CHN,Shaanxi,CHN_SN,STATE_TOTAL,20230110,,,,,,,,,,,,,,,,,,,,,,,,,,,,,,,,,,,,,,,,,,,,,,,,,,,,,,,,,,,,,,,,,,,,,,,,,,,,,,,,,,,,,,,,,,,,,,,,,,,,,,,,,,,,,,,,,,,,,,,,,,,,,,,,,,,,,,,,,,,,,,,,,,,,,,,,,,
China,CHN,Shaanxi,CHN_SN,STATE_TOTAL,20230111,,,,,,,,,,,,,,,,,,,,,,,,,,,,,,,,,,,,,,,,,,,,,,,,,,,,,,,,,,,,,,,,,,,,,,,,,,,,,,,,,,,,,,,,,,,,,,,,,,,,,,,,,,,,,,,,,,,,,,,,,,,,,,,,,,,,,,,,,,,,,,,,,,,,,,,,,,
China,CHN,Shanxi,CHN_SX,STATE_TOTAL,20230101,,,,,,,,,,,,,,,,,,,,,,,,,,,,,,,,,,,,,,,,,,,,,,,,,,,,,,,,,,,,,,,,,,,,,,,,,,,,,,,,,,,,,,,,,,,,,,,,,,,,,,,,,,,,,,,,,,,,,,,,,,,,,,5918,0,Over 50%,,,,,,,,,,,,,,,,,,,,,,,,,,
China,CHN,Shanxi,CHN_SX,STATE_TOTAL,20230102,,,,,,,,,,,,,,,,,,,,,,,,,,,,,,,,,,,,,,,,,,,,,,,,,,,,,,,,,,,,,,,,,,,,,,,,,,,,,,,,,,,,,,,,,,,,,,,,,,,,,,,,,,,,,,,,,,,,,,,,,,,,,,5986,0,Over 50%,,,,,,,,,,,,,,,,,,,,,,,,,,
China,CHN,Shanxi,CHN_SX,STATE_TOTAL,20230103,,,,,,,,,,,,,,,,,,,,,,,,,,,,,,,,,,,,,,,,,,,,,,,,,,,,,,,,,,,,,,,,,,,,,,,,,,,,,,,,,,,,,,,,,,,,,,,,,,,,,,,,,,,,,,,,,,,,,,,,,,,,,,6095,0,Over 50%,,,,,,,,,,,,,,,,,,,,,,,,,,
China,CHN,Shanxi,CHN_SX,STATE_TOTAL,20230104,,,,,,,,,,,,,,,,,,,,,,,,,,,,,,,,,,,,,,,,,,,,,,,,,,,,,,,,,,,,,,,,,,,,,,,,,,,,,,,,,,,,,,,,,,,,,,,,,,,,,,,,,,,,,,,,,,,,,,,,,,,,,,6274,0,Over 50%,,,,,,,,,,,,,,,,,,,,,,,,,,
China,CHN,Shanxi,CHN_SX,STATE_TOTAL,20230105,,,,,,,,,,,,,,,,,,,,,,,,,,,,,,,,,,,,,,,,,,,,,,,,,,,,,,,,,,,,,,,,,,,,,,,,,,,,,,,,,,,,,,,,,,,,,,,,,,,,,,,,,,,,,,,,,,,,,,,,,,,,,,6498,1,Over 50%,,,,,,,,,,,,,,,,,,,,,,,,,,
China,CHN,Shanxi,CHN_SX,STATE_TOTAL,20230106,,,,,,,,,,,,,,,,,,,,,,,,,,,,,,,,,,,,,,,,,,,,,,,,,,,,,,,,,,,,,,,,,,,,,,,,,,,,,,,,,,,,,,,,,,,,,,,,,,,,,,,,,,,,,,,,,,,,,,,,,,,,,,6750,1,Over 50%,,,,,,,,,,,,,,,,,,,,,,,,,,
China,CHN,Shanxi,CHN_SX,STATE_TOTAL,20230107,,,,,,,,,,,,,,,,,,,,,,,,,,,,,,,,,,,,,,,,,,,,,,,,,,,,,,,,,,,,,,,,,,,,,,,,,,,,,,,,,,,,,,,,,,,,,,,,,,,,,,,,,,,,,,,,,,,,,,,,,,,,,,6965,1,Over 50%,,,,,,,,,,,,,,,,,,,,,,,,,,
China,CHN,Shanxi,CHN_SX,STATE_TOTAL,20230108,,,,,,,,,,,,,,,,,,,,,,,,,,,,,,,,,,,,,,,,,,,,,,,,,,,,,,,,,,,,,,,,,,,,,,,,,,,,,,,,,,,,,,,,,,,,,,,,,,,,,,,,,,,,,,,,,,,,,,,,,,,,,,7077,1,Over 50%,,,,,,,,,,,,,,,,,,,,,,,,,,
China,CHN,Shanxi,CHN_SX,STATE_TOTAL,20230109,,,,,,,,,,,,,,,,,,,,,,,,,,,,,,,,,,,,,,,,,,,,,,,,,,,,,,,,,,,,,,,,,,,,,,,,,,,,,,,,,,,,,,,,,,,,,,,,,,,,,,,,,,,,,,,,,,,,,,,,,,,,,,7167,1,Over 50%,,,,,,,,,,,,,,,,,,,,,,,,,,
China,CHN,Shanxi,CHN_SX,STATE_TOTAL,20230110,,,,,,,,,,,,,,,,,,,,,,,,,,,,,,,,,,,,,,,,,,,,,,,,,,,,,,,,,,,,,,,,,,,,,,,,,,,,,,,,,,,,,,,,,,,,,,,,,,,,,,,,,,,,,,,,,,,,,,,,,,,,,,,,,,,,,,,,,,,,,,,,,,,,,,,,,,
China,CHN,Shanxi,CHN_SX,STATE_TOTAL,20230111,,,,,,,,,,,,,,,,,,,,,,,,,,,,,,,,,,,,,,,,,,,,,,,,,,,,,,,,,,,,,,,,,,,,,,,,,,,,,,,,,,,,,,,,,,,,,,,,,,,,,,,,,,,,,,,,,,,,,,,,,,,,,,,,,,,,,,,,,,,,,,,,,,,,,,,,,,
China,CHN,Tianjin,CHN_TJ,STATE_TOTAL,20230101,2.00,1,,,,,2.00,1,,,,,,,,,,,,,,,,,,,,,,,,,,,,,,,,,,,,,,,,,,,,,,,2.00,1,,,,,2.00,1,,,,,,,,,,,,,,,,,,,,,,,,,,,,,,,,,,,,,,,,,,,,,,,,,,,,,,,,,,,,,,,,3511,3,Over 50%,,,,,,,,,,,,,,,,,,,,,,,,,,
China,CHN,Tianjin,CHN_TJ,STATE_TOTAL,20230102,,,,,,,,,,,,,,,,,,,,,,,,,,,,,,,,,,,,,,,,,,,,,,,,,,,,,,,2.00,1,,,,,2.00,1,,,,,,,,,,,,,,,,,,,,,,,,,,,,,,,,,,,,,,,,,,,,,,,,,,,,,,,,,,,,,,,,3576,3,Over 50%,,,,,,,,,,,,,,,,,,,,,,,,,,
China,CHN,Tianjin,CHN_TJ,STATE_TOTAL,20230103,,,,,,,,,,,,,,,,,,,,,,,,,,,,,,,,,,,,,,,,,,,,,,,,,,,,,,,2.00,1,,,,,2.00,1,,,,,,,,,,,,,,,,,,,,,,,,,,,,,,,,,,,,,,,,,,,,,,,,,,,,,,,,,,,,,,,,3645,3,Over 50%,,,,,,,,,,,,,,,,,,,,,,,,,,
China,CHN,Tianjin,CHN_TJ,STATE_TOTAL,20230104,,,,,,,,,,,,,,,,,,,,,,,,,,,,,,,,,,,,,,,,,,,,,,,,,,,,,,,,,,,,,,,,,,,,,,,,,,,,,,,,,,,,,,,,,,,,,,,,,,,,,,,,,,,,,,,,,,,,,,,,,,,,,,3821,3,Over 50%,,,,,,,,,,,,,,,,,,,,,,,,,,
China,CHN,Tianjin,CHN_TJ,STATE_TOTAL,20230105,,,,,,,,,,,,,,,,,,,,,,,,,,,,,,,,,,,,,,,,,,,,,,,,,,,,,,,,,,,,,,,,,,,,,,,,,,,,,,,,,,,,,,,,,,,,,,,,,,,,,,,,,,,,,,,,,,,,,,,,,,,,,,3947,3,Over 50%,,,,,,,,,,,,,,,,,,,,,,,,,,
China,CHN,Tianjin,CHN_TJ,STATE_TOTAL,20230106,,,,,,,,,,,,,,,,,,,,,,,,,,,,,,,,,,,,,,,,,,,,,,,,,,,,,,,,,,,,,,,,,,,,,,,,,,,,,,,,,,,,,,,,,,,,,,,,,,,,,,,,,,,,,,,,,,,,,,,,,,,,,,4101,3,Over 50%,,,,,,,,,,,,,,,,,,,,,,,,,,
China,CHN,Tianjin,CHN_TJ,STATE_TOTAL,20230107,,,,,,,,,,,,,,,,,,,,,,,,,,,,,,,,,,,,,,,,,,,,,,,,,,,,,,,,,,,,,,,,,,,,,,,,,,,,,,,,,,,,,,,,,,,,,,,,,,,,,,,,,,,,,,,,,,,,,,,,,,,,,,4246,3,Over 50%,,,,,,,,,,,,,,,,,,,,,,,,,,
China,CHN,Tianjin,CHN_TJ,STATE_TOTAL,20230108,,,,,,,,,,,,,,,,,,,,,,,,,,,,,,,,,,,,,,,,,,,,,,,,,,,,,,,,,,,,,,,,,,,,,,,,,,,,,,,,,,,,,,,,,,,,,,,,,,,,,,,,,,,,,,,,,,,,,,,,,,,,,,4322,3,Over 50%,,,,,,,,,,,,,,,,,,,,,,,,,,
China,CHN,Tianjin,CHN_TJ,STATE_TOTAL,20230109,,,,,,,,,,,,,,,,,,,,,,,,,,,,,,,,,,,,,,,,,,,,,,,,,,,,,,,,,,,,,,,,,,,,,,,,,,,,,,,,,,,,,,,,,,,,,,,,,,,,,,,,,,,,,,,,,,,,,,,,,,,,,,4392,3,Over 50%,,,,,,,,,,,,,,,,,,,,,,,,,,
China,CHN,Tianjin,CHN_TJ,STATE_TOTAL,20230110,,,,,,,,,,,,,,,,,,,,,,,,,,,,,,,,,,,,,,,,,,,,,,,,,,,,,,,,,,,,,,,,,,,,,,,,,,,,,,,,,,,,,,,,,,,,,,,,,,,,,,,,,,,,,,,,,,,,,,,,,,,,,,,,,,,,,,,,,,,,,,,,,,,,,,,,,,
China,CHN,Tianjin,CHN_TJ,STATE_TOTAL,20230111,,,,,,,,,,,,,,,,,,,,,,,,,,,,,,,,,,,,,,,,,,,,,,,,,,,,,,,,,,,,,,,,,,,,,,,,,,,,,,,,,,,,,,,,,,,,,,,,,,,,,,,,,,,,,,,,,,,,,,,,,,,,,,,,,,,,,,,,,,,,,,,,,,,,,,,,,,
China,CHN,Xinjiang,CHN_XJ,STATE_TOTAL,20230101,1.00,0,,,,,1.00,0,,1.00,0,,,,,1.00,0,,,,,,,,,,,0.00,,,,,,0.00,,,0.00,,,,,,0.00,,,1.00,1,,,,,1.00,1,,0.00,,,,,,0.00,,,3.00,,,3.00,,0.00,,,0.00,,,,,,2.00,1,,3.00,,0.00,,,,0.00,,2.00,1,,,,,2.00,1,,5.00,1,,2.00,1,,,,,2.00,1,,,,,,,,,,,,,,,,,,2685,3,Over 50%,26.85,26.85,26.85,26.85,26.85,26.85,,,34.90,34.90,34.90,34.90,34.90,34.90,,,39.88,39.88,39.88,39.88,39.88,39.88,,,0.00,0.00
China,CHN,Xinjiang,CHN_XJ,STATE_TOTAL,20230102,1.00,0,,,,,1.00,0,,1.00,0,,,,,1.00,0,,,,,,,,,,,0.00,,,,,,0.00,,,0.00,,,,,,0.00,,,1.00,1,,,,,1.00,1,,0.00,,,,,,0.00,,,3.00,,,3.00,,0.00,,,0.00,,,,,,2.00,1,,3.00,,0.00,,,,0.00,,2.00,1,,,,,2.00,1,,5.00,1,,2.00,1,,,,,2.00,1,,,,,,,,,,,,,,,,,,2709,3,Over 50%,26.85,26.85,26.85,26.85,26.85,26.85,,,34.90,34.90,34.90,34.90,34.90,34.90,,,39.88,39.88,39.88,39.88,39.88,39.88,,,0.00,0.00
China,CHN,Xinjiang,CHN_XJ,STATE_TOTAL,20230103,1.00,0,,,,,1.00,0,,1.00,0,,,,,1.00,0,,,,,,,,,,,0.00,,,,,,0.00,,,0.00,,,,,,0.00,,,1.00,1,,,,,1.00,1,,0.00,,,,,,0.00,,,3.00,,,3.00,,0.00,,,0.00,,,,,,2.00,1,,3.00,,0.00,,,,0.00,,2.00,1,,,,,2.00,1,,5.00,1,,2.00,1,,,,,2.00,1,,,,,,,,,,,,,,,,,,2741,3,Over 50%,26.85,26.85,26.85,26.85,26.85,26.85,,,34.90,34.90,34.90,34.90,34.90,34.90,,,39.88,39.88,39.88,39.88,39.88,39.88,,,0.00,0.00
China,CHN,Xinjiang,CHN_XJ,STATE_TOTAL,20230104,1.00,0,,,,,1.00,0,,1.00,0,,,,,1.00,0,,,,,,,,,,,0.00,,,,,,0.00,,,0.00,,,,,,0.00,,,1.00,1,,,,,1.00,1,,0.00,,,,,,0.00,,,3.00,,,3.00,,0.00,,,0.00,,,,,,2.00,1,,3.00,,0.00,,,,0.00,,2.00,1,,,,,2.00,1,,5.00,1,,2.00,1,,,,,2.00,1,,,,,,,,,,,,,,,,,,2831,3,Over 50%,26.85,26.85,26.85,26.85,26.85,26.85,,,34.90,34.90,34.90,34.90,34.90,34.90,,,39.88,39.88,39.88,39.88,39.88,39.88,,,0.00,0.00
China,CHN,Xinjiang,CHN_XJ,STATE_TOTAL,20230105,,,,,,,,,,,,,,,,,,,,,,,,,,,,,,,,,,,,,,,,,,,,,,,,,,,,,,,,,,,,,,,,,,,,,,,,,,,,,,,,,,,,,,,0.00,,,,,,,,,,,,,,,,,,,,,,,,,,,,,,,,,,,,,,,2931,3,Over 50%,,,,,,,,,,,,,,,,,,,,,,,,,,
China,CHN,Xinjiang,CHN_XJ,STATE_TOTAL,20230106,,,,,,,,,,,,,,,,,,,,,,,,,,,,,,,,,,,,,,,,,,,,,,,,,,,,,,,,,,,,,,,,,,,,,,,,,,,,,,,,,,,,,,,0.00,,,,,,,,,,,,,,,,,,,,,,,,,,,,,,,,,,,,,,,2983,3,Over 50%,,,,,,,,,,,,,,,,,,,,,,,,,,
China,CHN,Xinjiang,CHN_XJ,STATE_TOTAL,20230107,,,,,,,,,,,,,,,,,,,,,,,,,,,,,,,,,,,,,,,,,,,,,,,,,,,,,,,,,,,,,,,,,,,,,,,,,,,,,,,,,,,,,,,0.00,,,,,,,,,,,,,,,,,,,,,,,,,,,,,,,,,,,,,,,3039,3,Over 50%,,,,,,,,,,,,,,,,,,,,,,,,,,
China,CHN,Xinjiang,CHN_XJ,STATE_TOTAL,20230108,,,,,,,,,,,,,,,,,,,,,,,,,,,,,,,,,,,,,,,,,,,,,,,,,,,,,,,,,,,,,,,,,,,,,,,,,,,,,,,,,,,,,,,,,,,,,,,,,,,,,,,,,,,,,,,,,,,,,,,,,,,,,,3058,3,Over 50%,,,,,,,,,,,,,,,,,,,,,,,,,,
China,CHN,Xinjiang,CHN_XJ,STATE_TOTAL,20230109,,,,,,,,,,,,,,,,,,,,,,,,,,,,,,,,,,,,,,,,,,,,,,,,,,,,,,,,,,,,,,,,,,,,,,,,,,,,,,,,,,,,,,,,,,,,,,,,,,,,,,,,,,,,,,,,,,,,,,,,,,,,,,3089,3,Over 50%,,,,,,,,,,,,,,,,,,,,,,,,,,
China,CHN,Xinjiang,CHN_XJ,STATE_TOTAL,20230110,,,,,,,,,,,,,,,,,,,,,,,,,,,,,,,,,,,,,,,,,,,,,,,,,,,,,,,,,,,,,,,,,,,,,,,,,,,,,,,,,,,,,,,,,,,,,,,,,,,,,,,,,,,,,,,,,,,,,,,,,,,,,,,,,,,,,,,,,,,,,,,,,,,,,,,,,,
China,CHN,Xinjiang,CHN_XJ,STATE_TOTAL,20230111,,,,,,,,,,,,,,,,,,,,,,,,,,,,,,,,,,,,,,,,,,,,,,,,,,,,,,,,,,,,,,,,,,,,,,,,,,,,,,,,,,,,,,,,,,,,,,,,,,,,,,,,,,,,,,,,,,,,,,,,,,,,,,,,,,,,,,,,,,,,,,,,,,,,,,,,,,
China,CHN,Tibet,CHN_XZ,STATE_TOTAL,20230101,1.00,1,,,,,1.00,1,,1.00,1,,,,,1.00,1,,,,,,,,,,,0.00,,,,,,0.00,,,0.00,,,,,,0.00,,,1.00,1,,,,,1.00,1,,0.00,,,,,,0.00,,,3.00,,,3.00,,0.00,,,0.00,,,,,,2.00,1,,3.00,,0.00,,,,,,4.00,1,,,,,4.00,1,,5.00,1,,2.00,1,,,,,2.00,1,,,,,,,,,,,,,,,,,,1522,0,Over 50%,30.56,30.56,30.56,30.56,30.56,30.56,,,40.10,40.10,40.10,40.10,40.10,40.10,,,45.83,45.83,45.83,45.83,45.83,45.83,,,0.00,0.00
China,CHN,Tibet,CHN_XZ,STATE_TOTAL,20230102,1.00,1,,,,,1.00,1,,1.00,1,,,,,1.00,1,,,,,,,,,,,0.00,,,,,,0.00,,,0.00,,,,,,0.00,,,1.00,1,,,,,1.00,1,,0.00,,,,,,0.00,,,3.00,,,3.00,,0.00,,,0.00,,,,,,2.00,1,,3.00,,0.00,,,,,,4.00,1,,,,,4.00,1,,5.00,1,,2.00,1,,,,,2.00,1,,,,,,,,,,,,,,,,,,1522,0,Over 50%,30.56,30.56,30.56,30.56,30.56,30.56,,,40.10,40.10,40.10,40.10,40.10,40.10,,,45.83,45.83,45.83,45.83,45.83,45.83,,,0.00,0.00
China,CHN,Tibet,CHN_XZ,STATE_TOTAL,20230103,1.00,1,,,,,1.00,1,,1.00,1,,,,,1.00,1,,,,,,,,,,,0.00,,,,,,0.00,,,0.00,,,,,,0.00,,,1.00,1,,,,,1.00,1,,0.00,,,,,,0.00,,,3.00,,,3.00,,0.00,,,0.00,,,,,,2.00,1,,3.00,,0.00,,,,,,4.00,1,,,,,4.00,1,,5.00,1,,2.00,1,,,,,2.00,1,,,,,,,,,,,,,,,,,,1522,0,Over 50%,30.56,30.56,30.56,30.56,30.56,30.56,,,40.10,40.10,40.10,40.10,40.10,40.10,,,45.83,45.83,45.83,45.83,45.83,45.83,,,0.00,0.00
China,CHN,Tibet,CHN_XZ,STATE_TOTAL,20230104,1.00,1,,,,,1.00,1,,1.00,1,,,,,1.00,1,,,,,,,,,,,0.00,,,,,,0.00,,,0.00,,,,,,0.00,,,1.00,1,,,,,1.00,1,,0.00,,,,,,0.00,,,3.00,,,3.00,,0.00,,,0.00,,,,,,2.00,1,,3.00,,0.00,,,,,,4.00,1,,,,,4.00,1,,5.00,1,,2.00,1,,,,,2.00,1,,,,,,,,,,,,,,,,,,1531,0,Over 50%,30.56,30.56,30.56,30.56,30.56,30.56,,,40.10,40.10,40.10,40.10,40.10,40.10,,,45.83,45.83,45.83,45.83,45.83,45.83,,,0.00,0.00
China,CHN,Tibet,CHN_XZ,STATE_TOTAL,20230105,,,,,,,,,,,,,,,,,,,,,,,,,,,,,,,,,,,,,,,,,,,,,,,,,,,,,,,,,,,,,,,,,,,,,,,,,,,,,,,,,,,,,,,,,,,,,,,,,,,,,,,,,,,,,,,,,,,,,,,,,,,,,,1539,0,Over 50%,,,,,,,,,,,,,,,,,,,,,,,,,,
China,CHN,Tibet,CHN_XZ,STATE_TOTAL,20230106,,,,,,,,,,,,,,,,,,,,,,,,,,,,,,,,,,,,,,,,,,,,,,,,,,,,,,,,,,,,,,,,,,,,,,,,,,,,,,,,,,,,,,,,,,,,,,,,,,,,,,,,,,,,,,,,,,,,,,,,,,,,,,1542,0,Over 50%,,,,,,,,,,,,,,,,,,,,,,,,,,
China,CHN,Tibet,CHN_XZ,STATE_TOTAL,20230107,,,,,,,,,,,,,,,,,,,,,,,,,,,,,,,,,,,,,,,,,,,,,,,,,,,,,,,,,,,,,,,,,,,,,,,,,,,,,,,,,,,,,,,,,,,,,,,,,,,,,,,,,,,,,,,,,,,,,,,,,,,,,,1585,0,Over 50%,,,,,,,,,,,,,,,,,,,,,,,,,,
China,CHN,Tibet,CHN_XZ,STATE_TOTAL,20230108,,,,,,,,,,,,,,,,,,,,,,,,,,,,,,,,,,,,,,,,,,,,,,,,,,,,,,,,,,,,,,,,,,,,,,,,,,,,,,,,,,,,,,,,,,,,,,,,,,,,,,,,,,,,,,,,,,,,,,,,,,,,,,1592,0,Over 50%,,,,,,,,,,,,,,,,,,,,,,,,,,
China,CHN,Tibet,CHN_XZ,STATE_TOTAL,20230109,,,,,,,,,,,,,,,,,,,,,,,,,,,,,,,,,,,,,,,,,,,,,,,,,,,,,,,,,,,,,,,,,,,,,,,,,,,,,,,,,,,,,,,,,,,,,,,,,,,,,,,,,,,,,,,,,,,,,,,,,,,,,,1647,0,Over 50%,,,,,,,,,,,,,,,,,,,,,,,,,,
China,CHN,Tibet,CHN_XZ,STATE_TOTAL,20230110,,,,,,,,,,,,,,,,,,,,,,,,,,,,,,,,,,,,,,,,,,,,,,,,,,,,,,,,,,,,,,,,,,,,,,,,,,,,,,,,,,,,,,,,,,,,,,,,,,,,,,,,,,,,,,,,,,,,,,,,,,,,,,,,,,,,,,,,,,,,,,,,,,,,,,,,,,
China,CHN,Tibet,CHN_XZ,STATE_TOTAL,20230111,,,,,,,,,,,,,,,,,,,,,,,,,,,,,,,,,,,,,,,,,,,,,,,,,,,,,,,,,,,,,,,,,,,,,,,,,,,,,,,,,,,,,,,,,,,,,,,,,,,,,,,,,,,,,,,,,,,,,,,,,,,,,,,,,,,,,,,,,,,,,,,,,,,,,,,,,,
China,CHN,Yunnan,CHN_YN,STATE_TOTAL,20230101,,,,,,,,,,,,,,,,,,,,,,,,,,,,,,,,,,,,,,,,,,,,,,,,,,,,,,,,,,,,,,,,,,,,,,,,,,,,,,,,,,,,,,,,,,,,,,,,,,,,,,,,,,,,,,,,,,,,,,,,,,,,,,7996,2,Over 50%,,,,,,,,,,,,,,,,,,,,,,,,,,
China,CHN,Yunnan,CHN_YN,STATE_TOTAL,20230102,,,,,,,,,,,,,,,,,,,,,,,,,,,,,,,,,,,,,,,,,,,,,,,,,,,,,,,,,,,,,,,,,,,,,,,,,,,,,,,,,,,,,,,,,,,,,,,,,,,,,,,,,,,,,,,,,,,,,,,,,,,,,,8095,2,Over 50%,,,,,,,,,,,,,,,,,,,,,,,,,,
China,CHN,Yunnan,CHN_YN,STATE_TOTAL,20230103,,,,,,,,,,,,,,,,,,,,,,,,,,,,,,,,,,,,,,,,,,,,,,,,,,,,,,,,,,,,,,,,,,,,,,,,,,,,,,,,,,,,,,,,,,,,,,,,,,,,,,,,,,,,,,,,,,,,,,,,,,,,,,8183,2,Over 50%,,,,,,,,,,,,,,,,,,,,,,,,,,
China,CHN,Yunnan,CHN_YN,STATE_TOTAL,20230104,,,,,,,,,,,,,,,,,,,,,,,,,,,,,,,,,,,,,,,,,,,,,,,,,,,,,,,,,,,,,,,,,,,,,,,,,,,,,,,,,,,,,,,,,,,,,,,,,,,,,,,,,,,,,,,,,,,,,,,,,,,,,,8333,2,Over 50%,,,,,,,,,,,,,,,,,,,,,,,,,,
China,CHN,Yunnan,CHN_YN,STATE_TOTAL,20230105,,,,,,,,,,,,,,,,,,,,,,,,,,,,,,,,,,,,,,,,,,,,,,,,,,,,,,,,,,,,,,,,,,,,,,,,,,,,,,,,,,,,,,,,,,,,,,,,,,,,,,,,,,,,,,,,,,,,,,,,,,,,,,8508,2,Over 50%,,,,,,,,,,,,,,,,,,,,,,,,,,
China,CHN,Yunnan,CHN_YN,STATE_TOTAL,20230106,,,,,,,,,,,,,,,,,,,,,,,,,,,,,,,,,,,,,,,,,,,,,,,,,,,,,,,,,,,,,,,,,,,,,,,,,,,,,,,,,,,,,,,,,,,,,,,,,,,,,,,,,,,,,,,,,,,,,,,,,,,,,,8677,2,Over 50%,,,,,,,,,,,,,,,,,,,,,,,,,,
China,CHN,Yunnan,CHN_YN,STATE_TOTAL,20230107,,,,,,,,,,,,,,,,,,,,,,,,,,,,,,,,,,,,,,,,,,,,,,,,,,,,,,,,,,,,,,,,,,,,,,,,,,,,,,,,,,,,,,,,,,,,,,,,,,,,,,,,,,,,,,,,,,,,,,,,,,,,,,8878,2,Over 50%,,,,,,,,,,,,,,,,,,,,,,,,,,
China,CHN,Yunnan,CHN_YN,STATE_TOTAL,20230108,,,,,,,,,,,,,,,,,,,,,,,,,,,,,,,,,,,,,,,,,,,,,,,,,,,,,,,,,,,,,,,,,,,,,,,,,,,,,,,,,,,,,,,,,,,,,,,,,,,,,,,,,,,,,,,,,,,,,,,,,,,,,,9007,3,Over 50%,,,,,,,,,,,,,,,,,,,,,,,,,,
China,CHN,Yunnan,CHN_YN,STATE_TOTAL,20230109,,,,,,,,,,,,,,,,,,,,,,,,,,,,,,,,,,,,,,,,,,,,,,,,,,,,,,,,,,,,,,,,,,,,,,,,,,,,,,,,,,,,,,,,,,,,,,,,,,,,,,,,,,,,,,,,,,,,,,,,,,,,,,9743,4,Over 50%,,,,,,,,,,,,,,,,,,,,,,,,,,
China,CHN,Yunnan,CHN_YN,STATE_TOTAL,20230110,,,,,,,,,,,,,,,,,,,,,,,,,,,,,,,,,,,,,,,,,,,,,,,,,,,,,,,,,,,,,,,,,,,,,,,,,,,,,,,,,,,,,,,,,,,,,,,,,,,,,,,,,,,,,,,,,,,,,,,,,,,,,,,,,,,,,,,,,,,,,,,,,,,,,,,,,,
China,CHN,Yunnan,CHN_YN,STATE_TOTAL,20230111,,,,,,,,,,,,,,,,,,,,,,,,,,,,,,,,,,,,,,,,,,,,,,,,,,,,,,,,,,,,,,,,,,,,,,,,,,,,,,,,,,,,,,,,,,,,,,,,,,,,,,,,,,,,,,,,,,,,,,,,,,,,,,,,,,,,,,,,,,,,,,,,,,,,,,,,,,
China,CHN,Zhejiang,CHN_ZJ,STATE_TOTAL,20230101,,,,,,,,,,,,,,,,,,,,,,,,,,,,,,,,,,,,,,,,,,,,,,,,,,,,,,,,,,,,,,,,,,,,,,,,,,,,,,,,,,,,,,,,,,,,,,,,,,,,,,,,,,,,,,,,,,,,,,,,,,,,,,6472,1,Over 50%,,,,,,,,,,,,,,,,,,,,,,,,,,
China,CHN,Zhejiang,CHN_ZJ,STATE_TOTAL,20230102,,,,,,,,,,,,,,,,,,,,,,,,,,,,,,,,,,,,,,,,,,,,,,,,,,,,,,,,,,,,,,,,,,,,,,,,,,,,,,,,,,,,,,,,,,,,,,,,,,,,,,,,,,,,,,,,,,,,,,,,,,,,,,6486,1,Over 50%,,,,,,,,,,,,,,,,,,,,,,,,,,
China,CHN,Zhejiang,CHN_ZJ,STATE_TOTAL,20230103,,,,,,,,,,,,,,,,,,,,,,,,,,,,,,,,,,,,,,,,,,,,,,,,,,,,,,,,,,,,,,,,,,,,,,,,,,,,,,,,,,,,,,,,,,,,,,,,,,,,,,,,,,,,,,,,,,,,,,,,,,,,,,6526,1,Over 50%,,,,,,,,,,,,,,,,,,,,,,,,,,
China,CHN,Zhejiang,CHN_ZJ,STATE_TOTAL,20230104,,,,,,,,,,,,,,,,,,,,,,,,,,,,,,,,,,,,,,,,,,,,,,,,,,,,,,,,,,,,,,,,,,,,,,,,,,,,,,,,,,,,,,,,,,,,,,,,,,,,,,,,,,,,,,,,,,,,,,,,,,,,,,6571,1,Over 50%,,,,,,,,,,,,,,,,,,,,,,,,,,
China,CHN,Zhejiang,CHN_ZJ,STATE_TOTAL,20230105,,,,,,,,,,,,,,,,,,,,,,,,,,,,,,,,,,,,,,,,,,,,,,,,,,,,,,,,,,,,,,,,,,,,,,,,,,,,,,,,,,,,,,,,,,,,,,,,,,,,,,,,,,,,,,,,,,,,,,,,,,,,,,6624,1,Over 50%,,,,,,,,,,,,,,,,,,,,,,,,,,
China,CHN,Zhejiang,CHN_ZJ,STATE_TOTAL,20230106,,,,,,,,,,,,,,,,,,,,,,,,,,,,,,,,,,,,,,,,,,,,,,,,,,,,,,,,,,,,,,,,,,,,,,,,,,,,,,,,,,,,,,,,,,,,,,,,,,,,,,,,,,,,,,,,,,,,,,,,,,,,,,6706,1,Over 50%,,,,,,,,,,,,,,,,,,,,,,,,,,
China,CHN,Zhejiang,CHN_ZJ,STATE_TOTAL,20230107,,,,,,,,,,,,,,,,,,,,,,,,,,,,,,,,,,,,,,,,,,,,,,,,,,,,,,,,,,,,,,,,,,,,,,,,,,,,,,,,,,,,,,,,,,,,,,,,,,,,,,,,,,,,,,,,,,,,,,,,,,,,,,7107,1,Over 50%,,,,,,,,,,,,,,,,,,,,,,,,,,
China,CHN,Zhejiang,CHN_ZJ,STATE_TOTAL,20230108,,,,,,,,,,,,,,,,,,,,,,,,,,,,,,,,,,,,,,,,,,,,,,,,,,,,,,,,,,,,,,,,,,,,,,,,,,,,,,,,,,,,,,,,,,,,,,,,,,,,,,,,,,,,,,,,,,,,,,,,,,,,,,7628,1,Over 50%,,,,,,,,,,,,,,,,,,,,,,,,,,
China,CHN,Zhejiang,CHN_ZJ,STATE_TOTAL,20230109,,,,,,,,,,,,,,,,,,,,,,,,,,,,,,,,,,,,,,,,,,,,,,,,,,,,,,,,,,,,,,,,,,,,,,,,,,,,,,,,,,,,,,,,,,,,,,,,,,,,,,,,,,,,,,,,,,,,,,,,,,,,,,11848,1,Over 50%,,,,,,,,,,,,,,,,,,,,,,,,,,
China,CHN,Zhejiang,CHN_ZJ,STATE_TOTAL,20230110,,,,,,,,,,,,,,,,,,,,,,,,,,,,,,,,,,,,,,,,,,,,,,,,,,,,,,,,,,,,,,,,,,,,,,,,,,,,,,,,,,,,,,,,,,,,,,,,,,,,,,,,,,,,,,,,,,,,,,,,,,,,,,,,,,,,,,,,,,,,,,,,,,,,,,,,,,
China,CHN,Zhejiang,CHN_ZJ,STATE_TOTAL,20230111,,,,,,,,,,,,,,,,,,,,,,,,,,,,,,,,,,,,,,,,,,,,,,,,,,,,,,,,,,,,,,,,,,,,,,,,,,,,,,,,,,,,,,,,,,,,,,,,,,,,,,,,,,,,,,,,,,,,,,,,,,,,,,,,,,,,,,,,,,,,,,,,,,,,,,,,,,
China,CHN,,,NAT_TOTAL,20230101,,,,,,,,,,,,,,,,,,,,,,,,,,,,,,,,,,,,,,,,,,,,,,,,,,,,,,,,,,,,,,,,,,,,,,,,,,,,,,,,,,,,,,,,,,,,,,,,,,,,,,,,,,,,,,,,,,,,,,,,,,,,,,1956071,5250,89.35,,71.76,,71.76,,71.76,,71.76,,76.04,,76.04,,76.04,,76.04,,77.98,,77.98,,77.98,,77.98,,62.50
China,CHN,,,NAT_TOTAL,20230102,,,,,,,,,,,,,,,,,,,,,,,,,,,,,,,,,,,,,,,,,,,,,,,,,,,,,,,,,,,,,,,,,,,,,,,,,,,,,,,,,,,,,,,,,,,,,,,,,,,,,,,,,,,,,,,,,,,,,,,,,,,,,,1960594,5251,89.35,,71.76,,71.76,,71.76,,71.76,,76.04,,76.04,,76.04,,76.04,,77.98,,77.98,,77.98,,77.98,,62.50
China,CHN,,,NAT_TOTAL,20230103,,,,,,,,,,,,,,,,,,,,,,,,,,,,,,,,,,,,,,,,,,,,,,,,,,,,,,,,,,,,,,,,,,,,,,,,,,,,,,,,,,,,,,,,,,,,,,,,,,,,,,,,,,,,,,,,,,,,,,,,,,,,,,1965430,5254,89.35,,71.76,,71.76,,71.76,,71.76,,76.04,,76.04,,76.04,,76.04,,77.98,,77.98,,77.98,,77.98,,62.50
China,CHN,,,NAT_TOTAL,20230104,,,,,,,,,,,,,,,,,,,,,,,,,,,,,,,,,,,,,,,,,,,,,,,,,,,,,,,,,,,,,,,,,,,,,,,,,,,,,,,,,,,,,,,,,,,,,,,,,,,,,,,,,,,,,,,,,,,,,,,,,,,,,,1973119,5259,89.35,,71.76,,71.76,,71.76,,71.76,,76.04,,76.04,,76.04,,76.04,,77.98,,77.98,,77.98,,77.98,,62.50
China,CHN,,,NAT_TOTAL,20230105,,,,,,,,,,,,,,,,,,,,,,,,,,,,,,,,,,,,,,,,,,,,,,,,,,,,,,,,,,,,,,,,,,,,,,,,,,,,,,,,,,,,,,,,,,,,,,,,,,,,,,,,,,,,,,,,,,,,,,,,,,,,,,1982427,5260,89.35,,71.76,,71.76,,71.76,,71.76,,76.04,,76.04,,76.04,,76.04,,77.98,,77.98,,77.98,,77.98,,62.50
China,CHN,,,NAT_TOTAL,20230106,,,,,,,,,,,,,,,,,,,,,,,,,,,,,,,,,,,,,,,,,,,,,,,,,,,,,,,,,,,,,,,,,,,,,,,,,,,,,,,,,,,,,,,,,,,,,,,,,,,,,,,,,,,,,,,,,,,,,,,,,,,,,,1991975,5265,89.35,,71.76,,71.76,,71.76,,71.76,,76.04,,76.04,,76.04,,76.04,,77.98,,77.98,,77.98,,77.98,,62.50
China,CHN,,,NAT_TOTAL,20230107,,,,,,,,,,,,,,,,,,,,,,,,,,,,,,,,,,,,,,,,,,,,,,,,,,,,,,,,,,,,,,,,,,,,,,,,,,,,,,,,,,,,,,,,,,,,,,,,,,,,,,,,,,,,,,,,,,,,,,,,,,,,,,2002659,5268,89.35,,71.76,,71.76,,71.76,,71.76,,76.04,,76.04,,76.04,,76.04,,77.98,,77.98,,77.98,,77.98,,62.50
China,CHN,,,NAT_TOTAL,20230108,,,,,,,,,,,,,,,,,,,,,,,,,,,,,,,,,,,,,,,,,,,,,,,,,,,,,,,,,,,,,,,,,,,,,,,,,,,,,,,,,,,,,,,,,,,,,,,,,,,,,,,,,,,,,,,,,,,,,,,,,,,,,,2009733,5270,89.35,,71.76,,71.76,,71.76,,71.76,,76.04,,76.04,,76.04,,76.04,,77.98,,77.98,,77.98,,77.98,,62.50
China,CHN,,,NAT_TOTAL,20230109,,,,,,,,,,,,,,,,,,,,,,,,,,,,,,,,,,,,,,,,,,,,,,,,,,,,,,,,,,,,,,,,,,,,,,,,,,,,,,,,,,,,,,,,,,,,,,,,,,,,,,,,,,,,,,,,,,,,,,,,,,,,,,2023639,5354,89.35,,71.76,,71.76,,71.76,,71.76,,76.04,,76.04,,76.04,,76.04,,77.98,,77.98,,77.98,,77.98,,62.50
China,CHN,,,NAT_TOTAL,20230110,,,,,,,,,,,,,,,,,,,,,,,,,,,,,,,,,,,,,,,,,,,,,,,,,,,,,,,,,,,,,,,,,,,,,,,,,,,,,,,,,,,,,,,,,,,,,,,,,,,,,,,,,,,,,,,,,,,,,,,,,,,,,,,,,,71.76,,71.76,,71.76,,71.76,,76.04,,76.04,,76.04,,76.04,,77.98,,77.98,,77.98,,77.98,,62.50
China,CHN,,,NAT_TOTAL,20230111,,,,,,,,,,,,,,,,,,,,,,,,,,,,,,,,,,,,,,,,,,,,,,,,,,,,,,,,,,,,,,,,,,,,,,,,,,,,,,,,,,,,,,,,,,,,,,,,,,,,,,,,,,,,,,,,,,,,,,,,,,,,,,,,,,71.76,,71.76,,71.76,,71.76,,76.04,,76.04,,76.04,,76.04,,77.98,,77.98,,77.98,,77.98,,62.50
